a1,a2,a3,a4,a5,a6,a7,a8,a9,t-3,t-2,t-1,t
2522,294.8571429,2460,1595.428571,1374.428571,553.5714286,230.2857143,1765.571429,161.1428571,4.7,5.1,5.1,4.6
1705.571429,237.4285714,2284,1448.714286,798.4285714,301.2857143,217.5714286,1532,146,5.1,5.1,4.6,4.4
993,177.2857143,1895.571429,1176.857143,432.4285714,200.1428571,176.7142857,1306.285714,84.71428571,5.1,4.6,4.4,4.5
999.7142857,183.5714286,2136.714286,1279.285714,390.2857143,166.2857143,169,1325.285714,79.85714286,4.6,4.4,4.5,5.3
1268.142857,214,2216.571429,1476.142857,401.7142857,176.2857143,190.4285714,1508.428571,70.85714286,4.4,4.5,5.3,4
1249.714286,220.1428571,2223.714286,1414.285714,398.5714286,134.5714286,179.7142857,1510.714286,62.14285714,4.5,5.3,4,3.6
1179.714286,219,2335,1486.285714,442.7142857,149.4285714,183.1428571,1632.714286,88.57142857,5.3,4,3.6,3.4
975,231.4285714,2265.857143,1469,408.2857143,149.4285714,173.5714286,1491,71.28571429,4,3.6,3.4,3.7
998.1428571,232.4285714,2227.571429,1475.285714,424.4285714,137.4285714,174.8571429,1468,72.57142857,3.6,3.4,3.7,3.5
1122.571429,282.1428571,2175.857143,1433,445,118.8571429,186.2857143,1520.142857,68.85714286,3.4,3.7,3.5,3.6
13788.85714,1495.285714,2481,1595,3066.285714,201.2857143,1193,1616.428571,144.7142857,3.7,3.5,3.6,3.8
8443.571429,970.8571429,2616.428571,1692.142857,2703.571429,187.8571429,869.8571429,1650.571429,148.4285714,3.5,3.6,3.8,3.8
5074.285714,581.4285714,2413.285714,1649.571429,2034.428571,160.4285714,730.2857143,1622.714286,126.7142857,3.6,3.8,3.8,4.1
2956.142857,398,2131.571429,1538.285714,1529.571429,150.1428571,403.7142857,1553.571429,118.4285714,3.8,3.8,4.1,3.9
2050.571429,303.7142857,2207.428571,1400.571429,1030.285714,123.4285714,300.8571429,1518,81,3.8,4.1,3.9,5.9
1526,286.8571429,2084.857143,1315.285714,692.5714286,71.85714286,251.5714286,1529.571429,72.14285714,4.1,3.9,5.9,3.9
1182.571429,297.1428571,2099.714286,1037.285714,435.8571429,76.28571429,228.2857143,1481.285714,76.57142857,3.9,5.9,3.9,3.9
789.8571429,268,2107.285714,847.8571429,339.4285714,84.42857143,201.8571429,1452.857143,42.28571429,5.9,3.9,3.9,3.7
638.5714286,252.7142857,2136.714286,786.1428571,298.8571429,80.57142857,180.5714286,1939.857143,51,3.9,3.9,3.7,3.6
607,255.2857143,2235.285714,852.4285714,348.1428571,97.71428571,181.2857143,1703.571429,60.71428571,3.9,3.7,3.6,3.4
536.2857143,216.7142857,2221.571429,822.8571429,354.7142857,85.42857143,165.2857143,1469.714286,60.14285714,3.7,3.6,3.4,3.9
433,226,2102.285714,809.4285714,326.1428571,61.42857143,175.2857143,1486.857143,49.85714286,3.6,3.4,3.9,3.4
419.1428571,206.5714286,2133.857143,775.8571429,315.4285714,63.14285714,175.2857143,1486.571429,34.57142857,3.4,3.9,3.4,3.6
474.5714286,192.4285714,2207.857143,801.1428571,297.2857143,60.14285714,172.8571429,1552.571429,16.57142857,3.9,3.4,3.6,3.6
601.4285714,179.4285714,2237.428571,754,282.4285714,43.42857143,168.7142857,1617,34.14285714,3.4,3.6,3.6,3.4
414.5714286,182,2258.571429,845.1428571,298.2857143,26.14285714,166.5714286,1572.285714,42.28571429,3.6,3.6,3.4,3.4
562,192.4285714,2391.285714,1017.857143,365,26.42857143,175.1428571,1582.428571,42.71428571,3.6,3.4,3.4,3.3
435.5714286,169.2857143,2396.428571,1036,349.8571429,26.42857143,164.7142857,1578.857143,43.14285714,3.4,3.4,3.3,3.3
527.7142857,173.1428571,2351.428571,1138.571429,343,35.71428571,179.2857143,1602.714286,34.57142857,3.4,3.3,3.3,3.3
612.4285714,185.8571429,2435.285714,1147.142857,379.5714286,42.14285714,169.1428571,1738.142857,51,3.3,3.3,3.3,3.4
630.5714286,187.2857143,2445.285714,1139.571429,394.8571429,35.42857143,168.4285714,1766.571429,51.85714286,3.3,3.3,3.4,3.3
568.5714286,193.1428571,2334,1174.714286,349,51.28571429,168.5714286,1716.285714,45.14285714,3.3,3.4,3.3,3.1
586.7142857,229.1428571,2215.142857,1357.428571,351.2857143,42.42857143,166.7142857,1866.142857,60,3.4,3.3,3.1,3.2
627.1428571,222.8571429,2376.714286,1436.142857,374.4285714,34.57142857,175.4285714,1835.571429,64.14285714,3.3,3.1,3.2,3.3
620.1428571,217.4285714,2341.714286,1332,382.2857143,24.57142857,169,1812.428571,77.85714286,3.1,3.2,3.3,3.5
640,217,2099.571429,1336,371.7142857,17.42857143,166,1667.142857,53.57142857,3.2,3.3,3.5,3.1
698.7142857,176.1428571,2302.285714,1452.142857,394,33.71428571,148,1754.571429,54,3.3,3.5,3.1,4.3
2457.428571,234.4285714,2328.714286,1484.571429,437,35,162.7142857,1802.857143,92.14285714,3.5,3.1,4.3,3.3
2443.571429,230.2857143,2038.428571,1414.571429,390.8571429,34.42857143,171.8571429,1605,61.85714286,3.1,4.3,3.3,3.4
1910,251.8571429,2025.428571,1554.857143,357.2857143,43.85714286,178.7142857,1567.285714,71.42857143,4.3,3.3,3.4,3.6
1630.857143,244.5714286,2098.285714,1605.285714,336.7142857,42.71428571,161.8571429,1606.142857,81.14285714,3.3,3.4,3.6,3.4
1632.142857,246,2063.714286,1482.428571,366.4285714,59.71428571,166.7142857,1593.428571,84.14285714,3.4,3.6,3.4,3.6
1479.428571,231.4285714,1987.714286,1409,323,33.71428571,169.4285714,1563.428571,83.42857143,3.6,3.4,3.6,3.6
1612.857143,235.2857143,2083.428571,1569.285714,356,51.42857143,156.1428571,1578.714286,76.57142857,3.4,3.6,3.6,3.6
1608.428571,243.7142857,2191.142857,1581.714286,369.1428571,70.28571429,153.4285714,1527.857143,62.85714286,3.6,3.6,3.6,3.6
1669.142857,299.4285714,2575.857143,1839.428571,373.1428571,84.14285714,176.4285714,1759.285714,115.2857143,3.6,3.6,3.6,3.7
1719,291.7142857,2627.285714,1853.285714,344.5714286,105.4285714,202.2857143,2130.142857,103.7142857,3.6,3.6,3.7,3.8
2034.714286,373.7142857,2642.428571,1649,439.1428571,88.28571429,243.2857143,2250,126.2857143,3.6,3.7,3.8,3.4
1937.285714,353.7142857,2985.857143,1745.428571,482.2857143,103.2857143,269.1428571,1883.285714,118.4285714,3.7,3.8,3.4,3.6
2217.428571,373.4285714,3887.142857,2098.571429,571.4285714,126.8571429,299.1428571,2141.857143,167.1428571,3.8,3.4,3.6,4.4
2984.857143,400.8571429,3893.714286,1992.428571,771,133.2857143,381.4285714,2219.571429,178.1428571,3.4,3.6,4.4,4.3
2353.857143,360.5714286,3568.285714,1655.571429,618.5714286,122.8571429,412.2857143,2151.285714,161,3.6,4.4,4.3,4.3
2802.571429,397.8571429,3094.285714,1594.428571,879.8571429,161,509.7142857,2039.714286,155.1428571,4.4,4.3,4.3,4.1
2261.142857,283.8571429,2812,1363.142857,776.2857143,104.5714286,610.7142857,1766.571429,135.1428571,4.3,4.3,4.1,4.8
1934.714286,276.8571429,2735.714286,1322.571429,536.7142857,70.85714286,349.2857143,1891.142857,84.71428571,4.3,4.1,4.8,4.2
1772.857143,243.4285714,2223.428571,1305.857143,430.5714286,72.85714286,341.8571429,1683.285714,72.14285714,4.1,4.8,4.2,3.2
1810.142857,262,2243,1386.142857,428.2857143,69.71428571,300.7142857,1626.857143,89.71428571,4.8,4.2,3.2,2.9
1676.714286,245.1428571,2396.428571,1450.857143,419.7142857,80.71428571,273.1428571,1708.428571,71.57142857,4.2,3.2,2.9,2.9
1537.571429,250.7142857,2396.428571,1510.142857,428.8571429,75,275.4285714,1756.714286,99,3.2,2.9,2.9,2.9
1500.428571,254.7142857,2500.714286,1552.285714,426.7142857,80.42857143,272.8571429,1798.714286,92.71428571,2.9,2.9,2.9,3
1361.428571,258.2857143,2656.285714,1507.857143,393.8571429,69.57142857,251.4285714,1806.571429,77.28571429,2.9,2.9,3,3
1663.714286,252.7142857,2551.571429,1418.428571,340.1428571,66.85714286,250.2857143,1841.571429,83.71428571,2.9,3,3,2.9
1590,231.1428571,2316.571429,1259.142857,307.5714286,63.85714286,223.8571429,1779.285714,62.85714286,3,3,2.9,2.8
1661.857143,248.2857143,2473.285714,1340.285714,332.8571429,62.28571429,241.2857143,1786.571429,60.28571429,3,2.9,2.8,2.7
1583.571429,248.4285714,2463.285714,1258.428571,300.2857143,65.28571429,228.8571429,1816.857143,34.14285714,2.9,2.8,2.7,2.6
1484.285714,254.5714286,2490.571429,1266.857143,277.4285714,62,219,1683.428571,61,2.8,2.7,2.6,2.6
1302.571429,220.8571429,2310.857143,1300.571429,274.4285714,43.71428571,212,1450,24.71428571,2.7,2.6,2.6,2.7
1276.857143,246.8571429,2361.428571,1412,293,36.28571429,218,1528,26.28571429,2.6,2.6,2.7,2.6
1279.857143,271.1428571,2358.714286,1304.714286,242.7142857,49.71428571,223.1428571,1503.428571,51.14285714,2.6,2.7,2.6,2.6
1375,258,2544.571429,1183,240.2857143,53.85714286,213.8571429,1481.428571,44,2.7,2.6,2.6,2.6
1203.285714,232.7142857,2504.142857,1049,229.5714286,80.71428571,197.5714286,1335.857143,8.714285714,2.6,2.6,2.6,2.7
1382,250.4285714,2940,1052.714286,232,80.85714286,223,1459.714286,61.28571429,2.6,2.6,2.7,2.6
1242.142857,248.5714286,2949.428571,1084.714286,230.8571429,72.71428571,221.7142857,1509.571429,42.85714286,2.6,2.7,2.6,2.5
1191.714286,249.4285714,2905.285714,950.7142857,213.5714286,66.28571429,212.1428571,1432.714286,50.71428571,2.7,2.6,2.5,2.5
1025.857143,224.5714286,2836.428571,920.8571429,204.8571429,64.71428571,197.8571429,1374,60.42857143,2.6,2.5,2.5,2.6
1098.428571,236.2857143,2922.714286,941.2857143,215,66.57142857,210.7142857,1375.428571,25.57142857,2.5,2.5,2.6,2.7
934.4285714,214.5714286,2952.285714,965.7142857,212,63.85714286,211.1428571,1370.857143,44.14285714,2.5,2.6,2.7,2.6
918.5714286,198.7142857,2772.142857,1004.428571,190,51.85714286,208.1428571,1334.857143,50.14285714,2.6,2.7,2.6,2.5
938.8571429,200.2857143,2855.142857,1057,181,60.28571429,196.4285714,1311.714286,25.14285714,2.7,2.6,2.5,
1187.857143,225,2784.857143,1047.428571,172.1428571,58,202.1428571,1295.285714,27,2.6,2.5,,2.4
1245,228.7142857,2746.857143,1093.571429,174.5714286,16.85714286,192,1310,51.28571429,2.5,,2.4,2.4
1176.571429,224.5714286,2726,1192.142857,177.7142857,8.571428571,190.7142857,1366.285714,34.28571429,,2.4,2.4,2.3
1174.285714,216.5714286,2729.428571,1256.714286,177.4285714,42.71428571,189.1428571,1407,42.42857143,2.4,2.4,2.3,2.3
1514.571429,220.7142857,2542.571429,1290.285714,172.2857143,0,186.5714286,1509.285714,44.14285714,2.4,2.3,2.3,2.4
1180.428571,238.2857143,2418.714286,1286.857143,180.2857143,8.714285714,193.1428571,1383.857143,41.85714286,2.3,2.3,2.4,2.5
1121.857143,231.1428571,2523.428571,1365.428571,174.4285714,0,194.4285714,1425.857143,33.28571429,2.3,2.4,2.5,2.6
1105.571429,232.4285714,2503.285714,1450.857143,175.2857143,0,189.5714286,1481.428571,35.14285714,2.4,2.5,2.6,2.5
1179.428571,228.1428571,2523.142857,1478.285714,193.5714286,0,209.4285714,1546.285714,36.42857143,2.5,2.6,2.5,2.4
1062,202.5714286,2468.142857,1291.571429,191.2857143,0,187.2857143,1466.571429,27.42857143,2.6,2.5,2.4,2.8
1258.428571,237.2857143,2580.857143,1502.571429,209.8571429,8.571428571,212.4285714,1511.142857,17.42857143,2.5,2.4,2.8,2.6
1188.857143,230.5714286,2306.714286,1543.571429,196.8571429,8.571428571,212.8571429,1498.857143,25.85714286,2.4,2.8,2.6,2.6
1186.285714,251.7142857,2276.428571,1460.857143,184.7142857,0,194.5714286,1506,34.71428571,2.8,2.6,2.6,2.6
1265.285714,283.7142857,2296.142857,1398.428571,186.7142857,0,193.5714286,1524.714286,26.57142857,2.6,2.6,2.6,2.8
1304.142857,274.1428571,2033.714286,1469.857143,207.7142857,0,192.7142857,1433.142857,46.85714286,2.6,2.6,2.8,2.7
1487.714286,272.5714286,2012.857143,1597.142857,221.5714286,0,203.5714286,1408.285714,53.85714286,2.6,2.8,2.7,
1502.714286,300,2439.428571,1856.142857,312.8571429,0,230.7142857,1441.571429,63.85714286,2.8,2.7,,3
1545,297,2672.714286,1605.571429,378.2857143,69.28571429,240.5714286,1579.571429,74.57142857,2.7,,3,3.1
1619.285714,323.8571429,2812.857143,1591.142857,473.7142857,103.4285714,298.1428571,1518.571429,87.85714286,,3,3.1,3.6
1875.285714,465,3376.142857,1872.857143,743.5714286,92.42857143,325.1428571,1718.714286,117.8571429,3,3.1,3.6,3.9
1994,497.8571429,3768.142857,2129.571429,973.5714286,95.42857143,334.5714286,1777,116.5714286,3.1,3.6,3.9,4.1
1908.285714,437.8571429,3891.857143,2088.714286,738.2857143,127.5714286,359.2857143,1742.428571,105.1428571,3.6,3.9,4.1,4.2
1919.142857,365.4285714,3804.571429,2054.571429,508.8571429,99,372.1428571,1789,87.85714286,3.9,4.1,4.2,4.2
1793.428571,358.1428571,3443.571429,1987.285714,488.4285714,88.85714286,380.8571429,1752.714286,102,4.1,4.2,4.2,3.5
1813,353.2857143,3142.285714,1835.142857,501,102.4285714,406,1638.428571,123.2857143,4.2,4.2,3.5,3.6
2029.428571,338.5714286,2930.571429,1841.142857,508.8571429,80.14285714,380.4285714,1602.714286,91.85714286,4.2,3.5,3.6,3.1
1762.428571,275.4285714,2631.142857,1578,420.1428571,66,345.1428571,1485.285714,68.14285714,3.5,3.6,3.1,3.1
1938,275,2471.857143,1577.285714,529.4285714,66,310.5714286,1438.714286,61.42857143,3.6,3.1,3.1,2.9
1783.142857,245.8571429,2464.428571,1590.142857,550.4285714,64.57142857,428.4285714,1399.285714,79.42857143,3.1,3.1,2.9,2.8
1482.571429,191.1428571,2249.714286,1266,463,55.14285714,287.4285714,1266.142857,76.28571429,3.1,2.9,2.8,3.8
1734.142857,243.7142857,2603.857143,1412,576.2857143,67.14285714,556.4285714,1423,76.42857143,2.9,2.8,3.8,2.9
1808.857143,266.5714286,2335.428571,1377.857143,563.1428571,65.28571429,512.8571429,1439.571429,64.57142857,2.8,3.8,2.9,2.6
1618,261.8571429,2402.571429,1393.714286,474.8571429,67.71428571,365.1428571,1363.857143,96.71428571,3.8,2.9,2.6,
1593.714286,267.4285714,2500.285714,1362.285714,470.1428571,70.57142857,359,1344.142857,66.57142857,2.9,2.6,,2.7
1699.571429,266.8571429,2451.285714,1359.571429,444.4285714,69,331.1428571,1354.428571,73,2.6,,2.7,2.6
1514.714286,260.8571429,2462.714286,1271.714286,386.2857143,56.85714286,316.5714286,1347.857143,44.85714286,,2.7,2.6,2.7
1517.428571,244.5714286,2414.571429,1230.571429,336.5714286,66,290.5714286,1360,54.42857143,2.7,2.6,2.7,2.5
1472.857143,282,2497.428571,1394.428571,403.5714286,59,305.4285714,1372.571429,66.42857143,2.6,2.7,2.5,2.3
1327.285714,272.2857143,2457.285714,1262.428571,327.1428571,66.14285714,286.2857143,1361.571429,48.42857143,2.7,2.5,2.3,2.4
1290.428571,249,2484.428571,1156.142857,286.4285714,56,281.5714286,1350.428571,45.28571429,2.5,2.3,2.4,2.4
1165.428571,274.4285714,2522.857143,1137.714286,281.8571429,73.14285714,259.2857143,1355,57.42857143,2.3,2.4,2.4,2.3
1112.428571,290.7142857,2530.142857,1123.142857,264.7142857,62,285.8571429,1324.857143,27.42857143,2.4,2.4,2.3,2.4
1107,289.5714286,2641.285714,1098.714286,287.2857143,62.57142857,295.1428571,1303,18.85714286,2.4,2.3,2.4,
1392.428571,318.1428571,2906.571429,1071,448,54.14285714,301.5714286,1282.571429,46,2.3,2.4,,2.3
2070.142857,402.1428571,3454.857143,1075.714286,543,69.57142857,370.7142857,1316.571429,47.28571429,2.4,,2.3,2.5
1832.571429,360.1428571,3556.428571,1058.857143,590.8571429,63,373,1316.857143,64.28571429,,2.3,2.5,2.6
1554.714286,310.4285714,3650.428571,1058.857143,627.2857143,76.28571429,352.5714286,1272.428571,58,2.3,2.5,2.6,2.6
1355,292.5714286,3756.714286,1082.714286,560.8571429,69.71428571,319.4285714,1250.142857,45.57142857,2.5,2.6,2.6,2.6
1287.857143,278.4285714,3579.428571,1073.571429,464.1428571,80.42857143,322.8571429,1265.428571,54.71428571,2.6,2.6,2.6,2.5
1273,277.4285714,3382.142857,1112.857143,439.2857143,56.14285714,287,1275.857143,65.85714286,2.6,2.6,2.5,2.6
1039.142857,247.5714286,3250,1098.571429,358.1428571,66.85714286,342.7142857,1279.571429,45.28571429,2.6,2.5,2.6,2.6
1033.428571,234.7142857,3319.857143,1084.285714,387,63.14285714,286,1262.857143,54.57142857,2.5,2.6,2.6,2.5
1068.285714,229.8571429,3399.285714,1103,379.7142857,45.85714286,285,1270.857143,57.28571429,2.6,2.6,2.5,2.4
984,215.8571429,3192.428571,1152.428571,331.1428571,43.14285714,286.4285714,1285,45,2.6,2.5,2.4,2.5
1022,221.2857143,3266.857143,1179.571429,330.2857143,17.28571429,273,1307.571429,36.71428571,2.5,2.4,2.5,2.5
1082.428571,216.7142857,3176.285714,1195,332.8571429,8.571428571,271.5714286,1311,45.42857143,2.4,2.5,2.5,2.5
1042.857143,223.5714286,2739,1249.714286,340.1428571,34.57142857,264.2857143,1304.285714,26.71428571,2.5,2.5,2.5,2.4
1005.142857,240.1428571,2516,1241.142857,302.4285714,8.571428571,249.2857143,1288.428571,43.85714286,2.5,2.5,2.4,2.4
1047.571429,259.7142857,2383.285714,1271,312.8571429,9,264.2857143,1312.428571,0,2.5,2.4,2.4,2.3
982.5714286,261,2357.857143,1317,346.1428571,0,254.1428571,1319.857143,26,2.4,2.4,2.3,2.3
914.7142857,253,2195.428571,1189.142857,289.4285714,0,254.5714286,1301.142857,27.28571429,2.4,2.3,2.3,2.3
883.5714286,219.8571429,2162.571429,1147.142857,248,0,248.1428571,1273,8.571428571,2.3,2.3,2.3,2.5
982.8571429,235.7142857,2224.285714,1201.285714,278.1428571,0,263.4285714,1309.285714,9.428571429,2.3,2.3,2.5,2.5
1040.571429,249.2857143,2144.857143,1270.714286,330.7142857,8.571428571,296.8571429,1290.142857,8.714285714,2.3,2.5,2.5,2.4
1061.142857,251.2857143,2125.571429,1218.428571,332.5714286,0,265,1350.142857,17.28571429,2.5,2.5,2.4,2.5
1030.285714,262.2857143,1927.428571,1170.142857,307.7142857,8.571428571,253.5714286,1264,44.14285714,2.5,2.4,2.5,2.5
1154.571429,255.2857143,2034.428571,1275,332.8571429,9,245.7142857,1293.571429,45,2.4,2.5,2.5,2.5
1184.285714,261.1428571,1938,1301.714286,323,8.714285714,257,1271,26.71428571,2.5,2.5,2.5,2.5
1163.428571,259.5714286,2144.714286,1349.714286,338.2857143,9.142857143,258.1428571,1311,52.71428571,2.5,2.5,2.5,2.5
1055.428571,274.2857143,2012.142857,1379.571429,353,44.28571429,246.8571429,1284.428571,26.14285714,2.5,2.5,2.5,2.6
1090.428571,259.7142857,2125.857143,1570.142857,422.7142857,71.14285714,260.8571429,1304.714286,9.285714286,2.5,2.5,2.6,2.5
1237.857143,279,2314.142857,1852,513.4285714,83.71428571,271.7142857,1380.428571,26.14285714,2.5,2.6,2.5,2.6
1228.285714,275,2348,1870.285714,606.1428571,115.4285714,296.4285714,1346.714286,45.42857143,2.6,2.5,2.6,2.6
1552.714286,332.5714286,2581.857143,1999.714286,787.1428571,217.7142857,361.2857143,1390.285714,73.42857143,2.5,2.6,2.6,2.8
1449.428571,291.2857143,2723.285714,1870.285714,720.4285714,203.7142857,373.4285714,1378.428571,63,2.6,2.6,2.8,3.6
1732.142857,392,3008,2055.428571,993.2857143,218.5714286,485.8571429,1498,58.14285714,2.6,2.8,3.6,3
1703.142857,404.1428571,3007.857143,1745.285714,1045.857143,213,513.4285714,1473,80.57142857,2.8,3.6,3,3.3
1598,352,3037.428571,1680.142857,999.7142857,195.2857143,602.4285714,1427.428571,65.85714286,3.6,3,3.3,3.6
1605.571429,324.5714286,3202.285714,1744.285714,937.5714286,205,653.1428571,1467.285714,68.42857143,3,3.3,3.6,4
1497,296.4285714,2958,1495.571429,940.7142857,215.5714286,643.5714286,1414.285714,66.85714286,3.3,3.6,4,4.2
1316.285714,283,3305.857143,1340,900.7142857,179,772.4285714,1350.714286,59.71428571,3.6,4,4.2,5.6
1909.285714,454.5714286,3188.285714,1441.142857,1043.714286,207.1428571,943.7142857,1506.571429,107.4285714,4,4.2,5.6,3.6
1678.857143,419.5714286,2998.714286,1382.571429,967.1428571,190,850,1500.142857,77.28571429,4.2,5.6,3.6,3.5
1804.142857,423.2857143,3234.142857,1458.857143,1063.285714,217.4285714,809.2857143,1424,83.85714286,5.6,3.6,3.5,3.6
2095.571429,419.8571429,3138.571429,1317.428571,1125.142857,217.7142857,1063,1454,97.85714286,3.6,3.5,3.6,3.8
3587.857143,654,3406.857143,1529.714286,1978.428571,384.2857143,1936.857143,1405.857143,131.7142857,3.5,3.6,3.8,4
3229.428571,697.4285714,3247,1442.285714,2321.857143,288,1496.285714,1420.714286,123.1428571,3.6,3.8,4,4
2396.285714,504.1428571,3135,1485.857143,1805,232.1428571,1231.857143,1350.285714,134.2857143,3.8,4,4,3.7
1673.428571,399.5714286,2787,1260.714286,1161.571429,179.5714286,1024.428571,1356.571429,88.57142857,4,4,3.7,3.2
1461.571429,322.8571429,2481.857143,1156.285714,930.2857143,146.2857143,750.7142857,1347.428571,62.42857143,4,3.7,3.2,2.8
1285.142857,322.1428571,2557,1325.714286,772.5714286,139.8571429,621.1428571,1456.857143,37.28571429,3.7,3.2,2.8,2.6
1173.571429,293.1428571,2903.285714,1700.285714,678.7142857,126,568.5714286,1585.142857,17.42857143,3.2,2.8,2.6,2.6
1072.571429,289.2857143,3242.285714,1762.428571,542.5714286,132.8571429,511,1752.571429,26.14285714,2.8,2.6,2.6,2.6
1028.857143,303.7142857,2884.285714,1746.142857,489.7142857,65.85714286,490.8571429,1667.714286,8.714285714,2.6,2.6,2.6,2.4
1030.857143,283.5714286,2907.571429,1882.571429,411.7142857,63,476.5714286,1707,0,2.6,2.6,2.4,2.4
1094.428571,295.5714286,2981.857143,1686.714286,401.2857143,35.71428571,463.1428571,1762.714286,0,2.6,2.4,2.4,2.4
1033.142857,296.1428571,2865.428571,1389.285714,342.7142857,8.714285714,388.5714286,1535.857143,0,2.4,2.4,2.4,2.5
955,273.1428571,2614.285714,1111.428571,319.8571429,17.42857143,378.8571429,1355.142857,0,2.4,2.4,2.5,2.6
858.5714286,273.2857143,2436.428571,1026.142857,322.5714286,9.428571429,376.4285714,1305.714286,0,2.4,2.5,2.6,2.5
710.4285714,262.2857143,2221.285714,986.5714286,286.7142857,17.42857143,358.8571429,1301.285714,0,2.5,2.6,2.5,2.5
801,236.8571429,2136.142857,982,266.7142857,17.71428571,338.2857143,1276.571429,0,2.6,2.5,2.5,2.5
754.2857143,228.5714286,2116.285714,962.4285714,264.5714286,8.714285714,340,1256.714286,0,2.5,2.5,2.5,2.6
806.8571429,219.5714286,2100,965.7142857,268.4285714,17.71428571,348.2857143,1245.142857,0,2.5,2.5,2.6,2.5
762.2857143,209.7142857,2108.142857,1018.857143,260.2857143,0,352.8571429,1231.428571,0,2.5,2.6,2.5,2.5
777.8571429,205.7142857,2103.428571,1115.714286,260.4285714,0,334.2857143,1224.857143,0,2.6,2.5,2.5,2.5
711.1428571,201,2127.285714,1108.285714,257.8571429,8.714285714,314.7142857,1253.571429,0,2.5,2.5,2.5,2.5
654.2857143,197.1428571,2063.571429,1123.571429,253.2857143,17.71428571,313.4285714,1234.714286,0,2.5,2.5,2.5,2.3
856.7142857,213.4285714,2090.142857,1093.142857,269.4285714,0,321.7142857,1233,0,2.5,2.5,2.3,2.4
779.8571429,217.5714286,2140.571429,1098,275.7142857,17.42857143,339.2857143,1276.857143,0,2.5,2.3,2.4,2.3
771.7142857,233.4285714,1971.571429,1114.142857,308.7142857,8.714285714,335,1246.714286,0,2.3,2.4,2.3,2.4
962.8571429,260.2857143,1846.571429,1066.142857,312.2857143,26.71428571,342,1278,0,2.4,2.3,2.4,2.4
7236.285714,254.1428571,1910.714286,1093.142857,321,26.14285714,349.4285714,1259.714286,8.714285714,2.3,2.4,2.4,2.7
9952.428571,278.1428571,1989.428571,1143.571429,352.8571429,28.71428571,395.2857143,1290.714286,9,2.4,2.4,2.7,2.4
8281.285714,232.5714286,1813.285714,1096,345.7142857,18.71428571,364.2857143,1243,8.714285714,2.4,2.7,2.4,2.5
5879.285714,241.1428571,1984.571429,1094.285714,320.2857143,8.714285714,355.2857143,1232.428571,0,2.7,2.4,2.5,2.9
3381.714286,261.2857143,1837.857143,1223.428571,352.7142857,27,388,1260.142857,17.42857143,2.4,2.5,2.9,2.5
2847.428571,275.4285714,1938,1247,408.7142857,57.57142857,379.4285714,1255.857143,43.85714286,2.5,2.9,2.5,2.6
2498.714286,283,2027.142857,1133.428571,406.7142857,72,390.5714286,1268.285714,63.85714286,2.9,2.5,2.6,2.7
2202.857143,289.2857143,2131.285714,1266.857143,430.8571429,37,435.2857143,1269.142857,28.57142857,2.5,2.6,2.7,2.9
2139.428571,285.8571429,2127,1289.428571,449.5714286,62.14285714,435,1299.714286,19.71428571,2.6,2.7,2.9,3.1
2016.857143,296,2206.714286,1284.428571,565.8571429,70.42857143,487,1355.857143,83.71428571,2.7,2.9,3.1,3.2
1935.714286,290.7142857,2172.428571,1199,570.7142857,119.5714286,518.5714286,1319,36.14285714,2.9,3.1,3.2,3.4
1940.714286,308.5714286,2403.428571,1391.857143,690.1428571,118.4285714,578.5714286,1342.857143,67.42857143,3.1,3.2,3.4,3.6
2025,326,2687.571429,1654.142857,928.8571429,178.2857143,692.4285714,1430.285714,83.85714286,3.2,3.4,3.6,3.6
1843.428571,320.2857143,2906.571429,1449.857143,929.4285714,186.7142857,764.2857143,1422.285714,82.42857143,3.4,3.6,3.6,3.7
1992.142857,324.8571429,3026.428571,1611.857143,980.4285714,212.1428571,892.4285714,1447.428571,59.28571429,3.6,3.6,3.7,3.9
2066.857143,320.4285714,2934.857143,1417,980.5714286,198.5714286,936.8571429,1361.285714,78.71428571,3.6,3.7,3.9,3.9
2010.428571,333.1428571,3174.285714,1485.714286,1002.857143,209.5714286,1024.142857,1440.142857,66.14285714,3.7,3.9,3.9,4.2
2097.285714,330.8571429,2665.428571,1183,991.7142857,196.4285714,1013.142857,1338.142857,74.85714286,3.9,3.9,4.2,4
2005,277.2857143,2364.142857,1176.142857,968.1428571,177.5714286,991.5714286,1299,64.85714286,3.9,4.2,4,3.8
1790,221.2857143,2074,1099.857143,880.1428571,147.8571429,837.2857143,1184.714286,53.42857143,4.2,4,3.8,4.1
1857,242.1428571,2349.714286,1157.857143,802.4285714,130.1428571,826.1428571,1223.285714,46.71428571,4,3.8,4.1,4
2145.142857,324.5714286,2211.285714,1220.428571,966.7142857,148.4285714,884.7142857,1324.142857,63,3.8,4.1,4,3.3
2805.285714,500.4285714,2124.857143,1188.428571,1395.714286,149.7142857,1104.571429,1303.285714,36.85714286,4.1,4,3.3,3
2864.428571,597.5714286,2116.428571,1154.142857,1684.857143,157,1080.571429,1266.142857,26.14285714,4,3.3,3,2.9
2428.714286,508.7142857,2315.857143,1337.285714,1538.714286,166,1014,1267.857143,54.85714286,3.3,3,2.9,3
2269.428571,490.4285714,2830.142857,1652.857143,1212.857143,177.7142857,1056.714286,1359.571429,69.42857143,3,2.9,3,3.2
1907.857143,496.1428571,2973.571429,1937.714286,1127.571429,174.2857143,1053.857143,1332.714286,55.85714286,2.9,3,3.2,3.4
1657.428571,484,3018.571429,2165.285714,1086.142857,187.2857143,1005.285714,1332.714286,47.14285714,3,3.2,3.4,3.4
1523,452.7142857,2911.428571,2259.571429,1033.285714,159.2857143,977.1428571,1316.285714,73,3.2,3.4,3.4,3.3
1421.714286,373,3222.142857,2257.857143,981.2857143,140.7142857,875.4285714,1348.428571,46.14285714,3.4,3.4,3.3,3.1
1329.857143,366.8571429,3091.285714,1931.428571,925.1428571,105.2857143,808.4285714,1284.285714,44.42857143,3.4,3.3,3.1,3.1
1299.714286,367.4285714,3036.285714,1596.857143,903.4285714,104.5714286,800.4285714,1289.857143,46.28571429,3.3,3.1,3.1,3.1
1354.857143,355,2859.714286,1569.428571,867.8571429,123.2857143,738.8571429,1284.285714,26.42857143,3.1,3.1,3.1,3.2
1305.714286,365.5714286,3156.428571,1577.285714,865.1428571,130.2857143,794.8571429,1259.714286,26.14285714,3.1,3.1,3.2,3.3
1366.142857,395.5714286,3064.142857,1458.857143,901.2857143,137.5714286,759.2857143,1289.285714,36.42857143,3.1,3.2,3.3,3
1358.857143,401,3100,1322.857143,798.8571429,116.2857143,792.1428571,1300.285714,35.42857143,3.2,3.3,3,3.5
1398.571429,363.8571429,3076.857143,1194.714286,735.4285714,110.2857143,729.7142857,1307.714286,35.85714286,3.3,3,3.5,3
1376.285714,324.5714286,3228.857143,1101.285714,655.8571429,94.28571429,674.2857143,1285.285714,9.285714286,3,3.5,3,2.8
1323.857143,325.5714286,3175.714286,1121.142857,524.7142857,100.5714286,674.7142857,1339.428571,0,3.5,3,2.8,2.5
1330.714286,315.1428571,3383,1096.142857,472.5714286,97.14285714,714.7142857,1291.571429,18,3,2.8,2.5,2.5
1514.142857,341.4285714,3827.285714,1080.285714,541.4285714,132.8571429,737.8571429,1236,18,2.8,2.5,2.5,2.6
1589.428571,355.4285714,4292,1059.714286,680.2857143,136.1428571,832.7142857,1229.142857,44.71428571,2.5,2.5,2.6,2.5
1465.428571,344.8571429,4642,1049.142857,782,149.1428571,873.2857143,1270.714286,63.14285714,2.5,2.6,2.5,2.5
2119.428571,427.7142857,5235.857143,1069.571429,931.7142857,154.8571429,998.5714286,1253.571429,50.85714286,2.6,2.5,2.5,2.6
1816,449.1428571,5525.714286,1058,952.7142857,157.8571429,1017.857143,1252.714286,65.71428571,2.5,2.5,2.6,2.5
1865,384.5714286,5044,1083.285714,896.5714286,157.1428571,936.8571429,1272.285714,92.85714286,2.5,2.6,2.5,2.4
2794.142857,437.7142857,4385.857143,1057.714286,1018.142857,143,848.2857143,1248.428571,78.14285714,2.6,2.5,2.4,2.5
6924,654,4486.142857,1090.857143,3071.857143,175.5714286,1016,1296.857143,119.7142857,2.5,2.4,2.5,2.4
2329.142857,347.5714286,4704.428571,1114,1271.285714,158.2857143,914.8571429,1382.142857,74.28571429,2.4,2.5,2.4,2.5
1981,319.5714286,4914.571429,1321.428571,1026.428571,156.2857143,907,1510,64,2.5,2.4,2.5,2.4
1759,327.4285714,4328.857143,1466,885.8571429,143.7142857,839.7142857,1561,56.57142857,2.4,2.5,2.4,2.4
1557.714286,317.5714286,3997.285714,1552.428571,891.2857143,140.5714286,851.8571429,1737.857143,54.71428571,2.5,2.4,2.4,2.5
1426.142857,337,3858.571429,1569,898.2857143,151.4285714,922,1834.428571,65,2.4,2.4,2.5,2.4
1480.857143,326.2857143,3376.571429,1608.571429,778.2857143,130.5714286,922.5714286,1825.142857,91.42857143,2.4,2.5,2.4,2.5
2215.142857,311.4285714,3013.714286,1274.285714,601.1428571,102.2857143,807.1428571,1642.285714,98.28571429,2.5,2.4,2.5,2.5
1494.285714,253.4285714,3129,1258.571429,455.5714286,82.14285714,711,1486.571429,71.85714286,2.4,2.5,2.5,3.2
1430.142857,312,2916.428571,1336,415.5714286,82,724.4285714,1357.285714,60.42857143,2.5,2.5,3.2,
1410.285714,320.2857143,2428.142857,1530,386.7142857,72,730,1310.285714,25.57142857,2.5,3.2,,
1378.428571,342.2857143,2546.142857,1742.285714,447.7142857,61.42857143,798.7142857,1348.571429,28.14285714,3.2,,,2.6
1369.142857,369.2857143,2508.571429,2412,489.7142857,62.14285714,820.2857143,1379,17.42857143,,,2.6,2.7
1294.142857,373.8571429,2703.571429,2412.714286,492.4285714,70.57142857,862,1381,34.57142857,,2.6,2.7,2.8
1293.857143,369.1428571,2672.428571,2010.571429,572.5714286,55.57142857,954.8571429,1400,9.285714286,2.6,2.7,2.8,3.2
1378.714286,404.8571429,2680,2108.571429,747.2857143,83.42857143,999,1285.142857,45.85714286,2.7,2.8,3.2,3.5
1737.571429,520.4285714,3235.571429,2158.714286,1022.714286,147.2857143,1204,1388.714286,68.42857143,2.8,3.2,3.5,3.7
1899.285714,746.8571429,3933.857143,2043.714286,1356.857143,227.5714286,1871.714286,1386.285714,105.8571429,3.2,3.5,3.7,4
2594.285714,985.8571429,4587.285714,2511.714286,1831.714286,300.5714286,3152.714286,1444.571429,139,3.5,3.7,4,4.9
3945,1113.142857,6083.571429,3065.857143,3229,436.2857143,5642.714286,1542.571429,139,3.7,4,4.9,5.2
10281.71429,2127.428571,7813.857143,3404.571429,7160.142857,562.5714286,10268.14286,1621.285714,249.4285714,4,4.9,5.2,5.3
10577.42857,2262.428571,7754.285714,3462.428571,7653.714286,573,15487.28571,1518.285714,276.8571429,4.9,5.2,5.3,5.8
13886.14286,1945.714286,7091.142857,3076.857143,11848.71429,578.2857143,32072,1512.428571,285.8571429,5.2,5.3,5.8,5.5
15326.14286,1711.714286,7439.428571,3605.428571,16803.57143,665.5714286,33979.42857,1636.142857,277.4285714,5.3,5.8,5.5,5.2
7845.571429,1148.142857,5758.428571,2820.857143,10576.71429,482.1428571,20268.14286,1493.428571,184.5714286,5.8,5.5,5.2,4.9
4280,777.8571429,4802.428571,2451,6128,383.4285714,9922.857143,1333.571429,149.2857143,5.5,5.2,4.9,4.2
3357.142857,600.2857143,4405.571429,2414.142857,4627.142857,345,7420.571429,1392.285714,130.7142857,5.2,4.9,4.2,3.7
6870.714286,941,4025.571429,2284.285714,8451.285714,349.8571429,7412.571429,1328.428571,143,4.9,4.2,3.7,4.5
3918.714286,796.4285714,3983.285714,2384,5023.571429,312,5485,1498.857143,131.4285714,4.2,3.7,4.5,3.6
6721,973.5714286,3151.571429,2028.857143,8598.857143,363.2857143,4891.571429,1555.428571,149.5714286,3.7,4.5,3.6,2.9
3328.571429,635.2857143,2761.142857,1621.714286,4549.142857,280.7142857,2767,1461.142857,110.7142857,4.5,3.6,2.9,2.6
2444.857143,616.8571429,3057.857143,2005.285714,2931.857143,222,2200.857143,1565.714286,103.5714286,3.6,2.9,2.6,2.6
1907.857143,494.5714286,2959.285714,1997,1762.428571,186.1428571,1732.857143,1537.571429,93.57142857,2.9,2.6,2.6,2.6
1760.857143,426.8571429,3033.714286,1874,1494.714286,165.4285714,1457.857143,1535.285714,54.42857143,2.6,2.6,2.6,2.6
1716.857143,397.4285714,2830.857143,1635.571429,1187.571429,138.1428571,1270.142857,1451.714286,0,2.6,2.6,2.6,2.5
1468.714286,392.5714286,2765.428571,1783.714286,1054.571429,121.5714286,1223.428571,1541.714286,44.28571429,2.6,2.6,2.5,2.3
1376,346.2857143,2812.285714,1638.714286,1019.285714,130.4285714,1187.714286,1649.571429,26.14285714,2.6,2.5,2.3,2.4
1308.428571,317,2787.142857,1413,891.1428571,112.2857143,1153.142857,1585.714286,0,2.5,2.3,2.4,2.3
1281.428571,313.4285714,3152.571429,1360.285714,704.5714286,124.4285714,1089.428571,1451.714286,8.428571429,2.3,2.4,2.3,2.6
1222.571429,322.5714286,2906.428571,1357.571429,653.7142857,111.1428571,1140.857143,1464.714286,8.714285714,2.4,2.3,2.6,2.3
1464.571429,310.4285714,3072.571429,1143.428571,922,118.1428571,1124.857143,1482.857143,54,2.3,2.6,2.3,2.3
1872.142857,344.1428571,3230.285714,1125.857143,932.7142857,111.7142857,1158.285714,1470.714286,35.71428571,2.6,2.3,2.3,
1336.428571,414.1428571,3170.142857,1136.857143,725.5714286,90.85714286,1164,1391,9,2.3,2.3,,2.4
1439.285714,323,3241,1170.714286,704,81.71428571,1129,1472.571429,26.14285714,2.3,,2.4,2.4
2803,306.1428571,3128.714286,1155.285714,684.4285714,79.85714286,1093.857143,1274.571429,18,,2.4,2.4,2.3
1606.285714,303.2857143,3201.142857,1084.142857,589.2857143,54.57142857,1067.857143,1223,0,2.4,2.4,2.3,2.4
1438.571429,313.8571429,3027.857143,1012.714286,470.7142857,61.71428571,1053.857143,1184.857143,9.428571429,2.4,2.3,2.4,2.3
1329.285714,296,3085.428571,987,406.5714286,62,1069,1167.857143,9,2.3,2.4,2.3,2.3
1321.142857,298.1428571,3065,999.4285714,431.4285714,53.14285714,1088.428571,1169,0,2.4,2.3,2.3,2.2
1321.142857,292.1428571,3457.428571,1009.428571,383,44.71428571,1064.714286,1172.857143,0,2.3,2.3,2.2,
1319.571429,293.4285714,3456.714286,1030.428571,308.5714286,44.71428571,1063.857143,1186.714286,0,2.3,2.2,,2.2
1351.285714,288.1428571,3341.142857,1043.142857,623.7142857,35,1039.428571,1185.571429,9,2.2,,2.2,2.1
1303.285714,283,3195,1048.285714,650.4285714,35.14285714,1060.428571,1213.428571,0,,2.2,2.1,2.1
1262.142857,288.1428571,2956.142857,1058.428571,508.4285714,8.428571429,1035,1198.142857,35.71428571,2.2,2.1,2.1,
1379.285714,288.8571429,2834.142857,1075.285714,394,17.57142857,1028,1219.571429,0,2.1,2.1,,2.1
1294.857143,315.1428571,2350.428571,1072.142857,350.2857143,0,986.7142857,1167.714286,8.428571429,2.1,,2.1,2
2800.571429,319.2857143,2388.714286,1142.571429,443,0,1009.285714,1202.714286,17.42857143,,2.1,2,2.1
2721.571429,311.7142857,2228.857143,1197.142857,466,17.14285714,1073.428571,1354.428571,9.571428571,2.1,2,2.1,2.1
2164.428571,282.8571429,2153,1232,381.2857143,72.42857143,1030.142857,1293.428571,27.42857143,2,2.1,2.1,2.1
1935.285714,310.2857143,2374,1236.714286,385.7142857,34.85714286,1031.714286,1272.714286,8.714285714,2.1,2.1,2.1,2
1616.428571,257.7142857,2207,1521.285714,368.1428571,44.42857143,965.2857143,1377,9.428571429,2.1,2.1,2,2.8
1479,327,2122,1543.571429,404,9.285714286,1080.571429,1402.428571,18.28571429,2.1,2,2.8,2.1
1483.571429,336.4285714,2159.714286,1726.857143,374.5714286,28.42857143,1045.714286,1528.142857,18,2,2.8,2.1,2.3
1709.571429,379.1428571,2363.714286,1836.142857,404.2857143,45.42857143,1275.714286,1550.142857,26.71428571,2.8,2.1,2.3,2.3
2074.857143,401.1428571,2198,1729.428571,468,9.571428571,1200,1457.428571,26.14285714,2.1,2.3,2.3,2.3
1760.857143,386.5714286,2058.285714,1276,452.7142857,47,1143.714286,1506,26.71428571,2.3,2.3,2.3,2.5
2224.857143,395.2857143,2076.857143,1438.142857,648.4285714,54.42857143,1186.571429,1511.428571,63.28571429,2.3,2.3,2.5,2.6
2571.285714,479.7142857,2413,1709,759,87.28571429,1599.857143,1619.142857,79.28571429,2.3,2.5,2.6,2.8
2709.714286,530.7142857,2729.428571,1908.714286,945.7142857,116,1972.714286,1619.714286,96.71428571,2.5,2.6,2.8,3
2884,605.2857143,2886.857143,1924.285714,1105.142857,96.42857143,2115.571429,1679.857143,99.14285714,2.6,2.8,3,3.2
2697.142857,626.7142857,2918.714286,2208.142857,1280,155,2343.285714,1597,92.57142857,2.8,3,3.2,3.4
3338.285714,828.7142857,3661.428571,2619.857143,2147.142857,220,3662.428571,1772.428571,124.5714286,3,3.2,3.4,3.7
4814.285714,928.8571429,4087.857143,2424,2890.142857,304.4285714,5535.142857,1781.714286,160.7142857,3.2,3.4,3.7,4.1
7662.142857,941.4285714,5396.714286,2635.142857,3444.285714,472.8571429,9158.857143,1799.714286,241,3.4,3.7,4.1,5.3
16687.28571,1588.142857,6336.714286,2846,10579.28571,961.5714286,21581.14286,1994.714286,570.7142857,3.7,4.1,5.3,5.3
15931,1373.714286,6344.714286,2773.142857,14703.71429,1213.571429,26729.57143,2007.714286,438.1428571,4.1,5.3,5.3,5.4
13048.28571,1135,5870.714286,2648,11286,1194.571429,24657.85714,1959.142857,369.1428571,5.3,5.3,5.4,5.1
9949.285714,963.8571429,4811.285714,2301.857143,9510,1074.857143,19685,1784.428571,309.7142857,5.3,5.4,5.1,4.6
4987.142857,515.5714286,4066.285714,1785.285714,5658.857143,614.4285714,10452,1534.428571,201.1428571,5.4,5.1,4.6,6.2
5363.857143,563.8571429,3974.142857,2125.571429,4543.857143,546.5714286,9803.714286,1690.428571,189.8571429,5.1,4.6,6.2,3.4
6063.857143,602.4285714,3916.285714,1926.285714,4467,508.4285714,7426.857143,1642.857143,183.2857143,4.6,6.2,3.4,2.9
5736.428571,580.8571429,3625.142857,1935.571429,3966.714286,492.1428571,6347.857143,1643.428571,200.8571429,6.2,3.4,2.9,2.8
4648.285714,620.5714286,3504,1904.285714,3632.857143,522.2857143,5671.571429,1621,179.7142857,3.4,2.9,2.8,
4558,663,3815.428571,2129.142857,3706.857143,474.5714286,5898.428571,1624.857143,171.1428571,2.9,2.8,,3.3
4271,703.4285714,4088.571429,1908.571429,3609.714286,446.7142857,6599.714286,1662.285714,171.8571429,2.8,,3.3,3.5
4442.285714,549.7142857,3709.428571,1886,3400,380.1428571,7535.714286,1698.142857,151.7142857,,3.3,3.5,3.6
4135.142857,507.1428571,3946.285714,1884.714286,3247.571429,305.7142857,8026,1724.285714,130,3.3,3.5,3.6,3.9
3882.142857,530.1428571,4009.857143,1749.142857,2718.142857,260.2857143,7849.142857,1708.428571,118.2857143,3.5,3.6,3.9,3.7
3822.571429,538.7142857,4086.857143,1743.571429,2532.714286,248.4285714,7636.857143,1653.428571,123,3.6,3.9,3.7,3.6
3466.285714,491.8571429,3973.428571,1402.428571,2384.285714,234.2857143,6206,1480.571429,97.14285714,3.9,3.7,3.6,3.3
2511,428.5714286,4151.285714,1545.714286,1660.142857,159.8571429,4708.285714,1476.428571,78,3.7,3.6,3.3,3.2
2695.142857,469.5714286,4172.285714,1729.714286,1321,148.7142857,4121.285714,1543.285714,99.28571429,3.6,3.3,3.2,2.6
2822.857143,651.7142857,4261.142857,1428,1199.142857,136.5714286,4000.428571,1569.142857,104.2857143,3.3,3.2,2.6,2.5
2545.714286,534.1428571,4389.571429,1309.142857,1257.857143,159.1428571,3494.142857,1461.285714,92,3.2,2.6,2.5,2.5
2380.142857,489.7142857,4473.857143,1193,1229.285714,145,3079.857143,1394.714286,109.8571429,2.6,2.5,2.5,2.4
2247,468.2857143,4514.714286,1104.714286,1572.428571,136.4285714,2845,1350.857143,95,2.5,2.5,2.4,2.6
2113.714286,549,4165.428571,1091.857143,1363.285714,112.2857143,2767,1328.285714,91.57142857,2.5,2.4,2.6,2.3
2034,454.8571429,3972.857143,1070.428571,1275.857143,96.57142857,2643.142857,1296.142857,73.57142857,2.4,2.6,2.3,2.3
1851,472.7142857,3457.571429,1024.571429,975.2857143,92.28571429,2397.571429,1377.428571,38,2.6,2.3,2.3,2.4
1994.285714,444.2857143,2778.857143,999.7142857,573.2857143,102.5714286,2199.428571,1558,62.57142857,2.3,2.3,2.4,2.4
2062.285714,411.1428571,2678.857143,995.4285714,533.8571429,92.42857143,2062.857143,1623,29.14285714,2.3,2.4,2.4,2.3
1715.571429,392.2857143,2660.857143,999.7142857,499.7142857,87.14285714,1953.857143,1439.857143,45.71428571,2.4,2.4,2.3,2.2
1468,314.2857143,2591.714286,989.7142857,496.4285714,82.57142857,1783.142857,1525,18.28571429,2.4,2.3,2.2,2.3
1518.428571,312,2534.571429,1001.571429,441.7142857,56.71428571,1717.428571,1547.428571,26.71428571,2.3,2.2,2.3,2.2
1459.571429,273,2750.714286,1014.571429,382.1428571,58.42857143,1655.571429,1624.714286,34.85714286,2.2,2.3,2.2,2.1
1592.142857,292.4285714,2455.142857,1030.857143,359,92.57142857,1627.142857,1667.285714,26.14285714,2.3,2.2,2.1,2.1
1740.857143,329.7142857,2381.714286,1081.285714,342.5714286,93.28571429,1574.142857,1316.857143,35.71428571,2.2,2.1,2.1,2
1577.857143,346.8571429,2251.714286,1291.857143,322.8571429,71.85714286,1484.571429,1184.857143,17.71428571,2.1,2.1,2,2
1707.857143,356.2857143,2082.714286,1777.285714,363,95.28571429,1558.714286,1148,65.85714286,2.1,2,2,2.1
1753.428571,323.8571429,2196.857143,1287.428571,382.2857143,114.2857143,1644.142857,1145.428571,47.71428571,2,2,2.1,2.3
3140,363,2419.142857,1223.714286,471.8571429,88.28571429,1922.428571,1296.571429,82.85714286,2,2.1,2.3,2.2
2086.571429,395.5714286,2402.428571,1300.428571,614.7142857,76.57142857,2086.714286,1620.571429,119,2.1,2.3,2.2,2.3
1637.428571,298,2039.428571,1112.714286,394.5714286,55.57142857,1799,1583.714286,44.57142857,2.3,2.2,2.3,2.9
1808.714286,381.8571429,2054.571429,1154.714286,464.1428571,66.42857143,1730,1378.428571,65.85714286,2.2,2.3,2.9,2.2
2168.428571,398.5714286,1992.714286,1457.428571,537.7142857,79.71428571,1857.428571,1158.285714,106.7142857,2.3,2.9,2.2,2.4
3234.142857,424.2857143,2031.142857,1975.714286,703.4285714,87.85714286,1973.428571,1154.857143,105,2.9,2.2,2.4,2.4
2743.857143,453.2857143,2172.285714,1781.142857,925,98.42857143,2092.428571,1142.285714,101.2857143,2.2,2.4,2.4,2.5
2530.571429,422.4285714,2201.142857,1512.857143,987.7142857,101.2857143,2220.857143,1157.285714,118.7142857,2.4,2.4,2.5,2.5
3137.714286,463.5714286,2209.142857,1499.428571,1430.714286,150.7142857,2542.142857,1186.714286,113.4285714,2.4,2.5,2.5,2.6
2889.142857,466.7142857,2270.142857,1502.714286,1828.714286,203.2857143,2957.857143,1182,124.8571429,2.5,2.5,2.6,2.9
3084,515.5714286,2465.714286,1555.714286,2336,292,3768.142857,1177.285714,140.7142857,2.5,2.6,2.9,3.3
4296.428571,616.7142857,2746.142857,1862,4037,489.5714286,5956.142857,1217.714286,172.7142857,2.6,2.9,3.3,3.7
7567.285714,830.8571429,3361.714286,2015.714286,8161.571429,754.2857143,10927.57143,1304.571429,220.1428571,2.9,3.3,3.7,4.7
11259.71429,1067,3729.285714,1930,14046.57143,856.1428571,15850.57143,1373.285714,266.7142857,3.3,3.7,4.7,5.3
11946.57143,1071.142857,4103,1778.714286,17373.28571,897.2857143,18395.14286,1336.428571,296.1428571,3.7,4.7,5.3,5.5
12594.28571,1067.714286,4214.857143,1600.428571,16994,773.1428571,19407.28571,1343.428571,273.7142857,4.7,5.3,5.5,5.9
8627.571429,949,3754.571429,1438.285714,13066.42857,557.7142857,16809.71429,1369.857143,246.5714286,5.3,5.5,5.9,5.3
6175.428571,761.8571429,3351.285714,1349.714286,7873.142857,393.7142857,12260.57143,1235.857143,193,5.5,5.9,5.3,4.5
45609.14286,3418.142857,7737.142857,2449.714286,12009.85714,302,36370.42857,1632,193.8571429,5.9,5.3,4.5,6.8
28908.42857,2447,8825.571429,3441.142857,6921.428571,186,19390.85714,2019.857143,185.2857143,5.3,4.5,6.8,8.5
24084.71429,2196.285714,5992,2450,2941,123.1428571,13121,1965.428571,141.1428571,4.5,6.8,8.5,6.4
19295.14286,1792.285714,4289.714286,1761.714286,1694.428571,105.8571429,6616.428571,1760.142857,125.4285714,6.8,8.5,6.4,5.4
12892.85714,1813,3076.142857,1465.285714,1156.142857,93.71428571,3763.857143,1498.285714,114,8.5,6.4,5.4,4.4
11200.85714,1576.571429,2758.428571,1224.142857,1107.285714,94.57142857,3106.714286,1301.428571,103,6.4,5.4,4.4,3.5
6062.857143,1252.285714,2117.714286,1104.571429,938.7142857,89.85714286,2380.428571,1146.714286,80.85714286,5.4,4.4,3.5,2.8
4135.428571,1129.285714,1854.714286,1058.285714,862.8571429,94.57142857,2518.428571,1088.714286,63.71428571,4.4,3.5,2.8,2.5
3001,931.8571429,1823.285714,1221.857143,784.5714286,55.28571429,2275.571429,1056.571429,69.14285714,3.5,2.8,2.5,2.4
2880.285714,854,1723.714286,1030,624,27.57142857,1910.285714,1042.142857,61,2.8,2.5,2.4,2.3
2715,712.7142857,1647.714286,982.5714286,565,8.714285714,1565.857143,1042.714286,42.71428571,2.5,2.4,2.3,2.1
2056.571429,649.4285714,1597.285714,984.5714286,587.8571429,8.714285714,1431.714286,1006.285714,54.14285714,2.4,2.3,2.1,1.9
1698.857143,589.2857143,1598.714286,984.2857143,524.4285714,8.714285714,1389.571429,996.1428571,61.85714286,2.3,2.1,1.9,1.9
1665.571429,580.5714286,1562.571429,961.4285714,483.7142857,17.14285714,1309.142857,981.7142857,69.85714286,2.1,1.9,1.9,1.8
1561,461.4285714,1473.714286,971.1428571,470.2857143,8.428571429,1208.857143,943.2857143,52.42857143,1.9,1.9,1.8,1.9
1697.714286,454,1544,897.7142857,452.4285714,8.428571429,1207.714286,912.5714286,63.57142857,1.9,1.8,1.9,1.9
1511.857143,484.7142857,1675.285714,971.8571429,556.2857143,8.428571429,1279.714286,973.2857143,54.57142857,1.8,1.9,1.9,1.9
1430.857143,433,1639.714286,989.5714286,648.1428571,26.14285714,1292.857143,989.5714286,35.71428571,1.9,1.9,1.9,1.9
1443.714286,429.5714286,1671.142857,1035,657,18.14285714,1352.428571,1004,8.428571429,1.9,1.9,1.9,1.9
1356.428571,413.5714286,1754.428571,1048.142857,568.5714286,8.714285714,1384.285714,1012.142857,17.42857143,1.9,1.9,1.9,
1330.714286,380.1428571,1780.428571,1041.285714,521.7142857,25.57142857,1397.571429,1018.714286,52.57142857,1.9,1.9,,2.2
1525.428571,450.2857143,1968.571429,1055.857143,541.8571429,8.428571429,1478.571429,1047.857143,25.28571429,1.9,,2.2,2.4
1396.571429,414.7142857,1775.428571,1021,427.2857143,8.428571429,1477.571429,1031.142857,9,,2.2,2.4,2
1627.857143,526,1703.285714,1021.142857,391.7142857,25.85714286,1875,1037.571429,26,2.2,2.4,2,1.9
1438.142857,434.7142857,1548.142857,1006.428571,368,34.28571429,1499.714286,1022.571429,8.428571429,2.4,2,1.9,2.2
1585.857143,449.8571429,1469.571429,1000.714286,363.7142857,17.42857143,1406.857143,1009.857143,25.85714286,2,1.9,2.2,1.8
1356.285714,380.2857143,1405.714286,1088.285714,384.7142857,34.28571429,1546.857143,1015.428571,16.85714286,1.9,2.2,1.8,2
1549.571429,413.2857143,1536.857143,1083.285714,336.4285714,42.85714286,1535,1016.428571,53.28571429,2.2,1.8,2,
1593.857143,425,1602.428571,1074.142857,318.8571429,17.14285714,1472,1003.142857,16.85714286,1.8,2,,1.9
1398.714286,447.8571429,1640.571429,1090.714286,376.7142857,34.28571429,1359.857143,1024.571429,17.14285714,2,,1.9,1.9
1352.857143,455.1428571,1725.714286,1138.285714,355.4285714,43,1365.571429,1039.714286,43.14285714,,1.9,1.9,1.7
1611.142857,488.7142857,1744.714286,1116.142857,373.7142857,42.71428571,1450,1018.142857,26.14285714,1.9,1.9,1.7,1.8
1510.285714,459.5714286,1955.857143,1197.571429,434.5714286,25.28571429,1601.571429,1029,8.428571429,1.9,1.7,1.8,
1779.285714,509.2857143,2152.142857,1276.714286,384,34,1962.285714,1073,52,1.7,1.8,,2
2226.142857,482.4285714,2036,1423.428571,543.7142857,43.57142857,2248.142857,1096.142857,44.14285714,1.8,,2,2.1
2571.571429,547.4285714,2078,1652.857143,941.1428571,27.71428571,2382,1129.142857,81.14285714,,2,2.1,2.2
2019.285714,437,1810.857143,1435.142857,579.5714286,17.42857143,2094.142857,1090.285714,25.85714286,2,2.1,2.2,2.5
2032.285714,479.8571429,1984.571429,1558.428571,590.7142857,34.28571429,2055.285714,1118,89,2.1,2.2,2.5,2.4
2358,552.4285714,1721.142857,1544.142857,723.2857143,42.71428571,2280.571429,1126.285714,90.42857143,2.2,2.5,2.4,2.2
2101.142857,510.4285714,1688.142857,1631.714286,760.2857143,52.57142857,2133.571429,1119.285714,100,2.5,2.4,2.2,2.3
2040.428571,536,1659.142857,1541.857143,603.7142857,61.42857143,2120.142857,1113.285714,98.71428571,2.4,2.2,2.3,2.4
1875.857143,485.1428571,1634.571429,1558.857143,595.7142857,73.28571429,2126.142857,1106.285714,99.71428571,2.2,2.3,2.4,2.5
1870.142857,511.7142857,2270.142857,1537.857143,547.1428571,44.71428571,2187.857143,1134.857143,73.57142857,2.3,2.4,2.5,2.5
1877,565.7142857,2304,1321.428571,570,27,2148.285714,1274.142857,80.71428571,2.4,2.5,2.5,
2252.857143,578.4285714,2050.571429,1281.571429,564,51.71428571,2097.857143,1204.142857,81.42857143,2.5,2.5,,2.4
2081.142857,543.1428571,2026.428571,1524.714286,461.2857143,72.28571429,2057.857143,1070.428571,79.57142857,2.5,,2.4,2.6
1901.428571,542,2374.714286,1734.285714,476.5714286,17.42857143,2307.285714,1100.428571,73.42857143,,2.4,2.6,2.7
1827.571429,517.1428571,2188.285714,1727.857143,449,63.57142857,2256.571429,1089.571429,52,2.4,2.6,2.7,2.8
1834.571429,589.1428571,2305.857143,2062.857143,463.5714286,72.14285714,2487.285714,1112.571429,99.42857143,2.6,2.7,2.8,2.9
1497.142857,489.4285714,2156.428571,1933.428571,391.8571429,54,2210.571429,1095.142857,71,2.7,2.8,2.9,3.1
1647.285714,518.7142857,2452,2084.714286,402.2857143,44.42857143,2407.428571,1118.857143,71,2.8,2.9,3.1,2.5
1585.428571,511,2689.571429,2299.285714,391.5714286,62.57142857,2585.714286,1159.714286,90,2.9,3.1,2.5,2.7
1436,458.1428571,2548.857143,2261,347.1428571,26.42857143,2219.714286,1155.714286,44.71428571,3.1,2.5,2.7,2.6
1242,394.7142857,1786.571429,1819.285714,280.5714286,52.57142857,1830.857143,1136.142857,70.85714286,2.5,2.7,2.6,2.4
1164.714286,334.1428571,1143,1428.428571,245.5714286,17.42857143,1509,1091.285714,17.14285714,2.7,2.6,2.4,2
995.2857143,256.1428571,680,1091.571429,166.5714286,25.57142857,1134.142857,989.1428571,34.57142857,2.6,2.4,2,2.6
1020.285714,296.4285714,1112.428571,1191.714286,184.4285714,26.14285714,1225.428571,1019.857143,35.57142857,2.4,2,2.6,2.7
1086,315,1053.714286,1165.285714,170.5714286,25.28571429,1140.428571,1057.428571,25.28571429,2,2.6,2.7,1.7
977.8571429,313.4285714,957.1428571,1107.142857,198.8571429,26.42857143,1085.571429,1037,9,2.6,2.7,1.7,1.6
1000.571429,318,1083.857143,1234.285714,191.5714286,35.42857143,1174.428571,1040.428571,34.85714286,2.7,1.7,1.6,1.8
1108.714286,382.1428571,1215.142857,1414.857143,218.1428571,0,1316.142857,1051.571429,52.28571429,1.7,1.6,1.8,1.9
1130.142857,353.5714286,1446.857143,1740.142857,255.2857143,17.71428571,1407.142857,1082,27.85714286,1.6,1.8,1.9,2.1
1120.142857,356.8571429,1572.571429,1658.285714,236,26.85714286,1563.428571,1178.285714,9.285714286,1.8,1.9,2.1,2.2
1122.857143,405.7142857,1911.428571,1758.285714,233.2857143,27,1505.714286,1182.857143,19.28571429,1.9,2.1,2.2,2.1
1148.714286,364.8571429,1643.142857,1782.142857,229.1428571,44.71428571,1584.142857,1276.142857,45,2.1,2.2,2.1,2.2
1153.142857,369.4285714,1899.428571,1671.857143,260.8571429,48.14285714,1738.285714,1262.571429,55.14285714,2.2,2.1,2.2,2.3
1136.428571,354.5714286,1929.285714,1322.142857,238.2857143,29.42857143,1572.285714,1148,27,2.1,2.2,2.3,2.4
1056.857143,344.4285714,2243.142857,1268.571429,196.5714286,9.428571429,1458,1103.142857,9.428571429,2.2,2.3,2.4,2.5
1085.428571,356.8571429,2214,1114.571429,219,18.57142857,1637.714286,1127.714286,27.28571429,2.3,2.4,2.5,2.4
1076.428571,382.7142857,2237.571429,1091.714286,199.8571429,36.57142857,1745.428571,1118.285714,36,2.4,2.5,2.4,2.7
1071.714286,400.1428571,2294,1105.142857,211,47.71428571,1656.714286,1144,34.57142857,2.5,2.4,2.7,2.8
1140,399.1428571,2232.428571,1081.571429,201.8571429,19,1624.285714,1147.428571,35.42857143,2.4,2.7,2.8,3
1080.857143,354.4285714,2359.285714,1046.857143,194.2857143,29,1632.285714,1101.714286,9.285714286,2.7,2.8,3,3.1
997,354,2363.714286,1004.428571,154.7142857,9.857142857,1450.428571,1070.142857,8.714285714,2.8,3,3.1,2.9
1004.857143,374.5714286,2275.714286,1008.714286,247.7142857,47.71428571,1771.857143,1216.428571,8.428571429,3,3.1,2.9,2.7
882.1428571,313.4285714,2265,978.4285714,140.1428571,27.71428571,1615,1069.571429,17.71428571,3.1,2.9,2.7,2.6
850.5714286,308.7142857,2125.285714,978,146.2857143,17.71428571,1594.285714,1065,0,2.9,2.7,2.6,2.4
963.2857143,288.8571429,2284.857143,1010,142.4285714,34.57142857,1430.571429,1058.142857,0,2.7,2.6,2.4,2.4
919.5714286,284.2857143,2433.285714,1006.857143,196.4285714,17.71428571,1343.285714,1054.428571,0,2.6,2.4,2.4,2.4
1095.428571,403.4285714,2476.142857,1063,198,0,1135.714286,1054.428571,8.714285714,2.4,2.4,2.4,2.4
1180.428571,465.7142857,2732.142857,1144.571429,209.7142857,0,1174.571429,1080.571429,8.428571429,2.4,2.4,2.4,2.3
1202.571429,486.5714286,2273,1067.857143,172.7142857,0,1976.571429,1080.571429,35.42857143,2.4,2.4,2.3,2.2
1102.714286,363,1857.142857,1065.142857,205.7142857,0,1583.142857,1087.142857,8.428571429,2.4,2.3,2.2,2
1069,334.4285714,1644.142857,1081.571429,173.8571429,0,1363.857143,1084.428571,35.71428571,2.3,2.2,2,1.7
1083,326.7142857,1564.285714,1055.428571,191,0,1725.857143,1070.142857,18,2.2,2,1.7,1.6
1102.714286,354.8571429,1398.714286,1097.142857,224.7142857,0,1648.714286,1076.285714,18,2,1.7,1.6,1.8
1213.571429,393.2857143,1432.428571,1165.285714,259.5714286,17.42857143,2145.857143,1097.714286,64.28571429,1.7,1.6,1.8,2.1
1302,381.7142857,2308.857143,1271.285714,302.7142857,8.714285714,2683.285714,1125.714286,47.42857143,1.6,1.8,2.1,2.2
1260,386.5714286,1968.428571,1181.857143,305,0,2197.571429,1154.285714,46.42857143,1.8,2.1,2.2,2.2
1200.428571,353.1428571,2101.714286,1203.857143,392.8571429,0,2274.714286,1150.714286,46.42857143,2.1,2.2,2.2,2.2
1284.285714,406.5714286,1504,1247.714286,475.2857143,0,2222,1140.571429,75.85714286,2.2,2.2,2.2,2
1541.714286,455.5714286,1824.428571,1563.428571,407.1428571,9,2540.857143,1185.714286,74.14285714,2.2,2.2,2,2.3
1820,514.7142857,2732.285714,1805.714286,476.4285714,18.85714286,2888.857143,1290.714286,77.28571429,2.2,2,2.3,2.6
1954.428571,515.2857143,2469.714286,1745,1396,27.42857143,3146.714286,1302.857143,89,2,2.3,2.6,2.6
1525.714286,464.8571429,2239,1615.285714,1014.428571,35.14285714,2808.285714,1251.428571,77.42857143,2.3,2.6,2.6,2.7
1565.428571,470.8571429,2438.857143,1493,1126,18.71428571,2980.857143,1299.571429,77,2.6,2.6,2.7,2.8
1500.571429,486.5714286,2403.142857,1502.142857,1107,44.14285714,3132.285714,1318.714286,79.42857143,2.6,2.7,2.8,2.8
1737.571429,564.8571429,2727.571429,1574.285714,1298,29.14285714,3721.142857,1282.857143,86.14285714,2.7,2.8,2.8,3
2189,631.8571429,3105.571429,1618.857143,1763.428571,67.42857143,5105.571429,1375.285714,96.14285714,2.8,2.8,3,3.3
2478,711.5714286,3818,1544.571429,1039.285714,58.28571429,5982.571429,1383.142857,116.4285714,2.8,3,3.3,
2445.428571,653.8571429,3308.428571,1542.571429,980.1428571,74,7299.142857,1426.428571,97.85714286,3,3.3,,3.9
2382.571429,620.4285714,3757,1601.142857,970.8571429,72.14285714,8726.571429,1318.571429,101.2857143,3.3,,3.9,4.1
2972.857143,762.5714286,4785.285714,1787,984.8571429,74.57142857,11317.85714,1533.571429,120.5714286,,3.9,4.1,4
2647.285714,716.5714286,4289,1739.285714,974.7142857,70.71428571,9767.285714,1452,120.4285714,3.9,4.1,4,3.7
1985.571429,567.1428571,3780.714286,1581.428571,744.2857143,82.57142857,7432.285714,1369.142857,92.57142857,4.1,4,3.7,3.1
1477.714286,462.2857143,3796.714286,1290.142857,502.7142857,9,5791,1278.714286,84.14285714,4,3.7,3.1,2.6
1134.714286,316.5714286,3157.285714,1132.714286,371.5714286,9,3845.285714,1072.142857,48,3.7,3.1,2.6,3.5
1251.857143,415.4285714,3766.857143,1425.571429,403,27.14285714,4303,1291.714286,64,3.1,2.6,3.5,2.2
1240.142857,422.2857143,3434.714286,1266,317,26.42857143,3695.714286,1239.142857,54.14285714,2.6,3.5,2.2,1.9
1285.571429,417,3485.428571,1264.428571,410.8571429,9,3877.285714,1132.571429,66.71428571,3.5,2.2,1.9,1.9
1606.857143,462.1428571,3781.285714,1318.857143,511,36.28571429,4662.857143,1210.714286,70.57142857,2.2,1.9,1.9,2.2
1764.714286,564.5714286,4403.571429,1379.571429,521.8571429,29.42857143,5006,1238.142857,70.14285714,1.9,1.9,2.2,2.5
1956.285714,685.1428571,4162.428571,1317.142857,490.8571429,17.71428571,4542.714286,1281.714286,83.14285714,1.9,2.2,2.5,2.4
1587.428571,552.4285714,3860.285714,1195.428571,350.8571429,17.42857143,3341.857143,1226.428571,73.14285714,2.2,2.5,2.4,2.2
1611.714286,685.4285714,3438.142857,1225,335.8571429,9.285714286,3008.428571,1177.857143,75,2.5,2.4,2.2,2
1925.857143,673.4285714,3849,1339.857143,344.7142857,0,2552.714286,1145.714286,27.71428571,2.4,2.2,2,2.2
,,,,,,,,,2.2,2,2.2,
,,,,,,,,,2,2.2,,
,,,,,,,,,2.2,,,
