a1,a2,a3,a4,a5,a6,a7,a8,a9,a10,a11,a12,a13,a14,t-3,t-2,t-1,t
5938.714286,472.2857143,2507.428571,1686.428571,2169.571429,1593.714286,290.7142857,1774.428571,207.4285714,1251.714286,5118.285714,1809.142857,6443.142857,242.8571429,4.7,5.1,5.1,4.6
2522,294.8571429,2460,1595.428571,1374.428571,553.5714286,230.2857143,1765.571429,161.1428571,1129.857143,4374.714286,1602.571429,2479.285714,152.8571429,5.1,5.1,4.6,4.4
1705.571429,237.4285714,2284,1448.714286,798.4285714,301.2857143,217.5714286,1532,146,1041.285714,3781.285714,1494.428571,1539,111.4285714,5.1,4.6,4.4,4.5
993,177.2857143,1895.571429,1176.857143,432.4285714,200.1428571,176.7142857,1306.285714,84.71428571,768,2940.142857,1247.857143,806.8571429,62.71428571,4.6,4.4,4.5,5.3
999.7142857,183.5714286,2136.714286,1279.285714,390.2857143,166.2857143,169,1325.285714,79.85714286,770.5714286,3068.142857,1057.285714,627,68.28571429,4.4,4.5,5.3,4
1268.142857,214,2216.571429,1476.142857,401.7142857,176.2857143,190.4285714,1508.428571,70.85714286,969,3368.857143,1361.571429,822.2857143,93.42857143,4.5,5.3,4,3.6
1249.714286,220.1428571,2223.714286,1414.285714,398.5714286,134.5714286,179.7142857,1510.714286,62.14285714,955.1428571,3142.571429,1109.857143,676.5714286,113.8571429,5.3,4,3.6,3.4
1179.714286,219,2335,1486.285714,442.7142857,149.4285714,183.1428571,1632.714286,88.57142857,1006.571429,3679.142857,1394.571429,530.2857143,117.2857143,4,3.6,3.4,3.7
975,231.4285714,2265.857143,1469,408.2857143,149.4285714,173.5714286,1491,71.28571429,1024.571429,3865.714286,1231.714286,581,103,3.6,3.4,3.7,3.5
998.1428571,232.4285714,2227.571429,1475.285714,424.4285714,137.4285714,174.8571429,1468,72.57142857,1013.142857,3707.285714,1252.571429,626.8571429,98.85714286,3.4,3.7,3.5,3.6
1122.571429,282.1428571,2175.857143,1433,445,118.8571429,186.2857143,1520.142857,68.85714286,1029.714286,3618.428571,1277.428571,547.2857143,96.85714286,3.7,3.5,3.6,3.8
13788.85714,1495.285714,2481,1595,3066.285714,201.2857143,1193,1616.428571,144.7142857,1172.285714,4646.857143,1732.857143,2049,333.1428571,3.5,3.6,3.8,3.8
8443.571429,970.8571429,2616.428571,1692.142857,2703.571429,187.8571429,869.8571429,1650.571429,148.4285714,1390.714286,4997.428571,1586.428571,1521.428571,337.4285714,3.6,3.8,3.8,4.1
5074.285714,581.4285714,2413.285714,1649.571429,2034.428571,160.4285714,730.2857143,1622.714286,126.7142857,1092.142857,4130.142857,1587.714286,1062.857143,246.7142857,3.8,3.8,4.1,3.9
2956.142857,398,2131.571429,1538.285714,1529.571429,150.1428571,403.7142857,1553.571429,118.4285714,1127,3517.571429,1188.571429,680.8571429,184.4285714,3.8,4.1,3.9,5.9
2050.571429,303.7142857,2207.428571,1400.571429,1030.285714,123.4285714,300.8571429,1518,81,869.7142857,2958,1104.857143,472.8571429,147,4.1,3.9,5.9,3.9
1526,286.8571429,2084.857143,1315.285714,692.5714286,71.85714286,251.5714286,1529.571429,72.14285714,842.5714286,2719,1311.857143,446.2857143,136.8571429,3.9,5.9,3.9,3.9
1182.571429,297.1428571,2099.714286,1037.285714,435.8571429,76.28571429,228.2857143,1481.285714,76.57142857,732.5714286,2312.571429,1067.571429,362.8571429,121.2857143,5.9,3.9,3.9,3.7
789.8571429,268,2107.285714,847.8571429,339.4285714,84.42857143,201.8571429,1452.857143,42.28571429,701.4285714,2123,860,302.8571429,107.7142857,3.9,3.9,3.7,3.6
638.5714286,252.7142857,2136.714286,786.1428571,298.8571429,80.57142857,180.5714286,1939.857143,51,676.1428571,2100.571429,952.8571429,261.8571429,94,3.9,3.7,3.6,3.4
607,255.2857143,2235.285714,852.4285714,348.1428571,97.71428571,181.2857143,1703.571429,60.71428571,787,2138.857143,1150.571429,280.2857143,60.42857143,3.7,3.6,3.4,3.9
536.2857143,216.7142857,2221.571429,822.8571429,354.7142857,85.42857143,165.2857143,1469.714286,60.14285714,765.1428571,2199.857143,993.8571429,243.2857143,34.42857143,3.6,3.4,3.9,3.4
433,226,2102.285714,809.4285714,326.1428571,61.42857143,175.2857143,1486.857143,49.85714286,749.8571429,2122.142857,1101,238.2857143,24.42857143,3.4,3.9,3.4,3.6
419.1428571,206.5714286,2133.857143,775.8571429,315.4285714,63.14285714,175.2857143,1486.571429,34.57142857,726.8571429,2136.142857,975.2857143,241.2857143,25.71428571,3.9,3.4,3.6,3.6
474.5714286,192.4285714,2207.857143,801.1428571,297.2857143,60.14285714,172.8571429,1552.571429,16.57142857,758.1428571,2244,1173.571429,207,0,3.4,3.6,3.6,3.4
601.4285714,179.4285714,2237.428571,754,282.4285714,43.42857143,168.7142857,1617,34.14285714,784.2857143,2414.428571,1054.428571,205.8571429,17.71428571,3.6,3.6,3.4,3.4
414.5714286,182,2258.571429,845.1428571,298.2857143,26.14285714,166.5714286,1572.285714,42.28571429,944.8571429,2648.142857,1096.142857,204.1428571,0,3.6,3.4,3.4,3.3
562,192.4285714,2391.285714,1017.857143,365,26.42857143,175.1428571,1582.428571,42.71428571,951.4285714,2968.571429,925.7142857,237.1428571,8.714285714,3.4,3.4,3.3,3.3
435.5714286,169.2857143,2396.428571,1036,349.8571429,26.42857143,164.7142857,1578.857143,43.14285714,967,3126.428571,972.2857143,197.5714286,16.85714286,3.4,3.3,3.3,3.3
527.7142857,173.1428571,2351.428571,1138.571429,343,35.71428571,179.2857143,1602.714286,34.57142857,977.1428571,3275.428571,1141.857143,212.5714286,25.57142857,3.3,3.3,3.3,3.4
612.4285714,185.8571429,2435.285714,1147.142857,379.5714286,42.14285714,169.1428571,1738.142857,51,990.2857143,3394.142857,1389.714286,214.2857143,17.28571429,3.3,3.3,3.4,3.3
630.5714286,187.2857143,2445.285714,1139.571429,394.8571429,35.42857143,168.4285714,1766.571429,51.85714286,902.7142857,3312.428571,898.7142857,210.8571429,52,3.3,3.4,3.3,3.1
568.5714286,193.1428571,2334,1174.714286,349,51.28571429,168.5714286,1716.285714,45.14285714,886.8571429,3161.142857,1090.714286,218.5714286,51,3.4,3.3,3.1,3.2
586.7142857,229.1428571,2215.142857,1357.428571,351.2857143,42.42857143,166.7142857,1866.142857,60,923.7142857,3438.571429,997.1428571,214.2857143,80.14285714,3.3,3.1,3.2,3.3
627.1428571,222.8571429,2376.714286,1436.142857,374.4285714,34.57142857,175.4285714,1835.571429,64.14285714,920.5714286,3655.571429,1056,229.4285714,51.28571429,3.1,3.2,3.3,3.5
620.1428571,217.4285714,2341.714286,1332,382.2857143,24.57142857,169,1812.428571,77.85714286,957.5714286,3626,985.8571429,202.8571429,51.71428571,3.2,3.3,3.5,3.1
640,217,2099.571429,1336,371.7142857,17.42857143,166,1667.142857,53.57142857,1043.142857,3720.428571,972,211.5714286,43.85714286,3.3,3.5,3.1,4.3
698.7142857,176.1428571,2302.285714,1452.142857,394,33.71428571,148,1754.571429,54,924.8571429,3725.571429,961.2857143,192.2857143,42.14285714,3.5,3.1,4.3,3.3
2457.428571,234.4285714,2328.714286,1484.571429,437,35,162.7142857,1802.857143,92.14285714,1070.857143,4233.285714,1107.714286,224.7142857,78.71428571,3.1,4.3,3.3,3.4
2443.571429,230.2857143,2038.428571,1414.571429,390.8571429,34.42857143,171.8571429,1605,61.85714286,1082.714286,3862.142857,982.5714286,230.7142857,91.28571429,4.3,3.3,3.4,3.6
1910,251.8571429,2025.428571,1554.857143,357.2857143,43.85714286,178.7142857,1567.285714,71.42857143,1139.142857,3985.857143,852.1428571,227.5714286,98.85714286,3.3,3.4,3.6,3.4
1630.857143,244.5714286,2098.285714,1605.285714,336.7142857,42.71428571,161.8571429,1606.142857,81.14285714,1097.714286,4066.428571,843.7142857,212.5714286,87.85714286,3.4,3.6,3.4,3.6
1632.142857,246,2063.714286,1482.428571,366.4285714,59.71428571,166.7142857,1593.428571,84.14285714,1068,3925.428571,848.8571429,219,98.14285714,3.6,3.4,3.6,3.6
1479.428571,231.4285714,1987.714286,1409,323,33.71428571,169.4285714,1563.428571,83.42857143,1026.857143,3727.714286,825.2857143,221.1428571,69.71428571,3.4,3.6,3.6,3.6
1612.857143,235.2857143,2083.428571,1569.285714,356,51.42857143,156.1428571,1578.714286,76.57142857,1112,4208.571429,1074.857143,250.7142857,71.28571429,3.6,3.6,3.6,3.6
1608.428571,243.7142857,2191.142857,1581.714286,369.1428571,70.28571429,153.4285714,1527.857143,62.85714286,1110.571429,4230.714286,1021.714286,274.4285714,106.7142857,3.6,3.6,3.6,3.7
1669.142857,299.4285714,2575.857143,1839.428571,373.1428571,84.14285714,176.4285714,1759.285714,115.2857143,1326,4889.571429,1331.857143,324.7142857,119,3.6,3.6,3.7,3.8
1719,291.7142857,2627.285714,1853.285714,344.5714286,105.4285714,202.2857143,2130.142857,103.7142857,1322.714286,5163.857143,1307.714286,344.4285714,123.8571429,3.6,3.7,3.8,3.4
2034.714286,373.7142857,2642.428571,1649,439.1428571,88.28571429,243.2857143,2250,126.2857143,1286.571429,4778.142857,1337.571429,459.7142857,118.8571429,3.7,3.8,3.4,3.6
1937.285714,353.7142857,2985.857143,1745.428571,482.2857143,103.2857143,269.1428571,1883.285714,118.4285714,1449.857143,5126.857143,1403.285714,482.2857143,95.85714286,3.8,3.4,3.6,4.4
2217.428571,373.4285714,3887.142857,2098.571429,571.4285714,126.8571429,299.1428571,2141.857143,167.1428571,1565.285714,5880.428571,1648.285714,688,132,3.4,3.6,4.4,4.3
2984.857143,400.8571429,3893.714286,1992.428571,771,133.2857143,381.4285714,2219.571429,178.1428571,1634.857143,6182.428571,1801,883.4285714,138,3.6,4.4,4.3,4.3
2353.857143,360.5714286,3568.285714,1655.571429,618.5714286,122.8571429,412.2857143,2151.285714,161,1504.428571,5394.428571,1489.285714,1000.428571,104.2857143,4.4,4.3,4.3,4.1
2802.571429,397.8571429,3094.285714,1594.428571,879.8571429,161,509.7142857,2039.714286,155.1428571,1415.285714,4778.428571,1375.714286,1186.714286,125.2857143,4.3,4.3,4.1,4.8
2261.142857,283.8571429,2812,1363.142857,776.2857143,104.5714286,610.7142857,1766.571429,135.1428571,1018.428571,3705.285714,1344,861.8571429,65.71428571,4.3,4.1,4.8,4.2
1934.714286,276.8571429,2735.714286,1322.571429,536.7142857,70.85714286,349.2857143,1891.142857,84.71428571,974.4285714,3667.142857,1127.714286,538.5714286,60.71428571,4.1,4.8,4.2,3.2
1772.857143,243.4285714,2223.428571,1305.857143,430.5714286,72.85714286,341.8571429,1683.285714,72.14285714,961.7142857,3337.857143,840.5714286,466.8571429,87.14285714,4.8,4.2,3.2,2.9
1810.142857,262,2243,1386.142857,428.2857143,69.71428571,300.7142857,1626.857143,89.71428571,1028.428571,3096.142857,854.4285714,637.4285714,80.42857143,4.2,3.2,2.9,2.9
1676.714286,245.1428571,2396.428571,1450.857143,419.7142857,80.71428571,273.1428571,1708.428571,71.57142857,1059.428571,3457.571429,996.5714286,458.7142857,112.8571429,3.2,2.9,2.9,2.9
1537.571429,250.7142857,2396.428571,1510.142857,428.8571429,75,275.4285714,1756.714286,99,1129.285714,4012.142857,1117.285714,427.1428571,111,2.9,2.9,2.9,3
1500.428571,254.7142857,2500.714286,1552.285714,426.7142857,80.42857143,272.8571429,1798.714286,92.71428571,1205.571429,4243.571429,1049.714286,386.8571429,108,2.9,2.9,3,3
1361.428571,258.2857143,2656.285714,1507.857143,393.8571429,69.57142857,251.4285714,1806.571429,77.28571429,1226.285714,4297.285714,1059.571429,386.4285714,88.14285714,2.9,3,3,2.9
1663.714286,252.7142857,2551.571429,1418.428571,340.1428571,66.85714286,250.2857143,1841.571429,83.71428571,1117.571429,3771.142857,954.2857143,316.5714286,79.14285714,3,3,2.9,2.8
1590,231.1428571,2316.571429,1259.142857,307.5714286,63.85714286,223.8571429,1779.285714,62.85714286,1067.428571,3392,814.4285714,303.7142857,50.14285714,3,2.9,2.8,2.7
1661.857143,248.2857143,2473.285714,1340.285714,332.8571429,62.28571429,241.2857143,1786.571429,60.28571429,1062.571429,3412.285714,870.8571429,274.4285714,51,2.9,2.8,2.7,2.6
1583.571429,248.4285714,2463.285714,1258.428571,300.2857143,65.28571429,228.8571429,1816.857143,34.14285714,1005.714286,3183.714286,828.8571429,292.2857143,45,2.8,2.7,2.6,2.6
1484.285714,254.5714286,2490.571429,1266.857143,277.4285714,62,219,1683.428571,61,1034.714286,3183.857143,804.4285714,250.5714286,53.71428571,2.7,2.6,2.6,2.7
1302.571429,220.8571429,2310.857143,1300.571429,274.4285714,43.71428571,212,1450,24.71428571,980.7142857,3080.428571,776.4285714,241.7142857,26,2.6,2.6,2.7,2.6
1276.857143,246.8571429,2361.428571,1412,293,36.28571429,218,1528,26.28571429,1089.142857,3315.142857,905,245.4285714,25.57142857,2.6,2.7,2.6,2.6
1279.857143,271.1428571,2358.714286,1304.714286,242.7142857,49.71428571,223.1428571,1503.428571,51.14285714,974.8571429,3110.571429,828.5714286,264.8571429,52.57142857,2.7,2.6,2.6,2.6
1375,258,2544.571429,1183,240.2857143,53.85714286,213.8571429,1481.428571,44,953,3081.142857,761.7142857,279.8571429,42.85714286,2.6,2.6,2.6,2.7
1203.285714,232.7142857,2504.142857,1049,229.5714286,80.71428571,197.5714286,1335.857143,8.714285714,867.1428571,2683.571429,816.5714286,366.5714286,17.28571429,2.6,2.6,2.7,2.6
1382,250.4285714,2940,1052.714286,232,80.85714286,223,1459.714286,61.28571429,998.1428571,2924.857143,873.7142857,412.1428571,34.42857143,2.6,2.7,2.6,2.5
1242.142857,248.5714286,2949.428571,1084.714286,230.8571429,72.71428571,221.7142857,1509.571429,42.85714286,1018.142857,3101.142857,915.2857143,401.5714286,35.57142857,2.7,2.6,2.5,2.5
1191.714286,249.4285714,2905.285714,950.7142857,213.5714286,66.28571429,212.1428571,1432.714286,50.71428571,968.4285714,3037.714286,824.7142857,316.7142857,34.14285714,2.6,2.5,2.5,2.6
1025.857143,224.5714286,2836.428571,920.8571429,204.8571429,64.71428571,197.8571429,1374,60.42857143,978.7142857,2919,881.1428571,313.1428571,34.57142857,2.5,2.5,2.6,2.7
1098.428571,236.2857143,2922.714286,941.2857143,215,66.57142857,210.7142857,1375.428571,25.57142857,1032.142857,3099.428571,823.1428571,304.8571429,25.14285714,2.5,2.6,2.7,2.6
934.4285714,214.5714286,2952.285714,965.7142857,212,63.85714286,211.1428571,1370.857143,44.14285714,1030,3097.571429,832.4285714,286,17.85714286,2.6,2.7,2.6,2.5
918.5714286,198.7142857,2772.142857,1004.428571,190,51.85714286,208.1428571,1334.857143,50.14285714,1097.714286,3085.571429,796.5714286,266.5714286,34.42857143,2.7,2.6,2.5,
938.8571429,200.2857143,2855.142857,1057,181,60.28571429,196.4285714,1311.714286,25.14285714,1096,3126,785.1428571,332.7142857,16.28571429,2.6,2.5,,2.4
1187.857143,225,2784.857143,1047.428571,172.1428571,58,202.1428571,1295.285714,27,1108.428571,3166.428571,845,370.5714286,16.28571429,2.5,,2.4,2.4
1245,228.7142857,2746.857143,1093.571429,174.5714286,16.85714286,192,1310,51.28571429,1162.714286,3500.142857,915.4285714,281,8.142857143,,2.4,2.4,2.3
1176.571429,224.5714286,2726,1192.142857,177.7142857,8.571428571,190.7142857,1366.285714,34.28571429,1218.285714,3808.857143,940.4285714,241.1428571,8.142857143,2.4,2.4,2.3,2.3
1174.285714,216.5714286,2729.428571,1256.714286,177.4285714,42.71428571,189.1428571,1407,42.42857143,1256.285714,3897.571429,967.8571429,256.5714286,16.85714286,2.4,2.3,2.3,2.4
1514.571429,220.7142857,2542.571429,1290.285714,172.2857143,0,186.5714286,1509.285714,44.14285714,1207.571429,3937.428571,959,255.2857143,76,2.3,2.3,2.4,2.5
1180.428571,238.2857143,2418.714286,1286.857143,180.2857143,8.714285714,193.1428571,1383.857143,41.85714286,1110.714286,3893.571429,1090.714286,232.7142857,54,2.3,2.4,2.5,2.6
1121.857143,231.1428571,2523.428571,1365.428571,174.4285714,0,194.4285714,1425.857143,33.28571429,1204.571429,4445.571429,1011.714286,224.8571429,53,2.4,2.5,2.6,2.5
1105.571429,232.4285714,2503.285714,1450.857143,175.2857143,0,189.5714286,1481.428571,35.14285714,1299.714286,4635.285714,1021.285714,226,28.57142857,2.5,2.6,2.5,2.4
1179.428571,228.1428571,2523.142857,1478.285714,193.5714286,0,209.4285714,1546.285714,36.42857143,1262.714286,4438.142857,1063.571429,216.4285714,27.42857143,2.6,2.5,2.4,2.8
1062,202.5714286,2468.142857,1291.571429,191.2857143,0,187.2857143,1466.571429,27.42857143,1046.714286,3835.428571,910.2857143,188.4285714,0,2.5,2.4,2.8,2.6
1258.428571,237.2857143,2580.857143,1502.571429,209.8571429,8.571428571,212.4285714,1511.142857,17.42857143,1234.571429,4381.714286,996,223.2857143,54.42857143,2.4,2.8,2.6,2.6
1188.857143,230.5714286,2306.714286,1543.571429,196.8571429,8.571428571,212.8571429,1498.857143,25.85714286,1213.428571,4129,915.5714286,231.1428571,43.85714286,2.8,2.6,2.6,2.6
1186.285714,251.7142857,2276.428571,1460.857143,184.7142857,0,194.5714286,1506,34.71428571,1113.857143,3704.571429,886.7142857,238.5714286,44.14285714,2.6,2.6,2.6,2.8
1265.285714,283.7142857,2296.142857,1398.428571,186.7142857,0,193.5714286,1524.714286,26.57142857,1102.571429,3772,886.1428571,230.5714286,99.42857143,2.6,2.6,2.8,2.7
1304.142857,274.1428571,2033.714286,1469.857143,207.7142857,0,192.7142857,1433.142857,46.85714286,1146.142857,3991.857143,849.5714286,224,72.42857143,2.6,2.8,2.7,
1487.714286,272.5714286,2012.857143,1597.142857,221.5714286,0,203.5714286,1408.285714,53.85714286,1193.857143,4119.142857,942.5714286,204.7142857,82,2.8,2.7,,3
1502.714286,300,2439.428571,1856.142857,312.8571429,0,230.7142857,1441.571429,63.85714286,1355.428571,4869,1175.428571,282.1428571,71.85714286,2.7,,3,3.1
1545,297,2672.714286,1605.571429,378.2857143,69.28571429,240.5714286,1579.571429,74.57142857,1348,4844.571429,1234.857143,392.8571429,90.57142857,,3,3.1,3.6
1619.285714,323.8571429,2812.857143,1591.142857,473.7142857,103.4285714,298.1428571,1518.571429,87.85714286,1393.142857,5122.714286,1246.714286,539.1428571,111,3,3.1,3.6,3.9
1875.285714,465,3376.142857,1872.857143,743.5714286,92.42857143,325.1428571,1718.714286,117.8571429,1469.714286,6045.428571,1383.285714,786,125.5714286,3.1,3.6,3.9,4.1
1994,497.8571429,3768.142857,2129.571429,973.5714286,95.42857143,334.5714286,1777,116.5714286,1488.571429,6594.285714,1633.571429,1006.142857,135.7142857,3.6,3.9,4.1,4.2
1908.285714,437.8571429,3891.857143,2088.714286,738.2857143,127.5714286,359.2857143,1742.428571,105.1428571,1525.285714,6554.285714,2047.714286,907.7142857,134.8571429,3.9,4.1,4.2,4.2
1919.142857,365.4285714,3804.571429,2054.571429,508.8571429,99,372.1428571,1789,87.85714286,1549.285714,6421,2213.428571,740.4285714,125,4.1,4.2,4.2,3.5
1793.428571,358.1428571,3443.571429,1987.285714,488.4285714,88.85714286,380.8571429,1752.714286,102,1526,6264.857143,2133.142857,577.7142857,116.2857143,4.2,4.2,3.5,3.6
1813,353.2857143,3142.285714,1835.142857,501,102.4285714,406,1638.428571,123.2857143,1433.714286,5630,1877.428571,524.4285714,116.4285714,4.2,3.5,3.6,3.1
2029.428571,338.5714286,2930.571429,1841.142857,508.8571429,80.14285714,380.4285714,1602.714286,91.85714286,1410.142857,5241.714286,1729.571429,439.1428571,102.7142857,3.5,3.6,3.1,3.1
1762.428571,275.4285714,2631.142857,1578,420.1428571,66,345.1428571,1485.285714,68.14285714,1362.714286,4768.142857,1460.714286,385.2857143,73.85714286,3.6,3.1,3.1,2.9
1938,275,2471.857143,1577.285714,529.4285714,66,310.5714286,1438.714286,61.42857143,1337,4700.428571,1407.285714,347.5714286,86.42857143,3.1,3.1,2.9,2.8
1783.142857,245.8571429,2464.428571,1590.142857,550.4285714,64.57142857,428.4285714,1399.285714,79.42857143,1355.142857,4638.142857,1451.428571,311.1428571,62.85714286,3.1,2.9,2.8,3.8
1482.571429,191.1428571,2249.714286,1266,463,55.14285714,287.4285714,1266.142857,76.28571429,1128.571429,3875.571429,1276.714286,318.7142857,62,2.9,2.8,3.8,2.9
1734.142857,243.7142857,2603.857143,1412,576.2857143,67.14285714,556.4285714,1423,76.42857143,1343.571429,4379.428571,1334.428571,332.5714286,65,2.8,3.8,2.9,2.6
1808.857143,266.5714286,2335.428571,1377.857143,563.1428571,65.28571429,512.8571429,1439.571429,64.57142857,1435.428571,4214.285714,1293.857143,339.2857143,107.1428571,3.8,2.9,2.6,
1618,261.8571429,2402.571429,1393.714286,474.8571429,67.71428571,365.1428571,1363.857143,96.71428571,1377.857143,4218.428571,1244.714286,316.8571429,90.42857143,2.9,2.6,,2.7
1593.714286,267.4285714,2500.285714,1362.285714,470.1428571,70.57142857,359,1344.142857,66.57142857,1378.857143,4229.857143,1257.714286,295.7142857,76.85714286,2.6,,2.7,2.6
1699.571429,266.8571429,2451.285714,1359.571429,444.4285714,69,331.1428571,1354.428571,73,1374.428571,4396.714286,1256.285714,292.1428571,91.71428571,,2.7,2.6,2.7
1514.714286,260.8571429,2462.714286,1271.714286,386.2857143,56.85714286,316.5714286,1347.857143,44.85714286,1259.714286,4086.571429,1202,277.2857143,37.42857143,2.7,2.6,2.7,2.5
1517.428571,244.5714286,2414.571429,1230.571429,336.5714286,66,290.5714286,1360,54.42857143,1277.571429,4389.428571,1161,266.5714286,63.28571429,2.6,2.7,2.5,2.3
1472.857143,282,2497.428571,1394.428571,403.5714286,59,305.4285714,1372.571429,66.42857143,1273.857143,4432.714286,1200.285714,255.1428571,77.28571429,2.7,2.5,2.3,2.4
1327.285714,272.2857143,2457.285714,1262.428571,327.1428571,66.14285714,286.2857143,1361.571429,48.42857143,1248.428571,3922,1159.857143,255.5714286,62.28571429,2.5,2.3,2.4,2.4
1290.428571,249,2484.428571,1156.142857,286.4285714,56,281.5714286,1350.428571,45.28571429,1115.428571,3349.714286,1103,241.5714286,43.85714286,2.3,2.4,2.4,2.3
1165.428571,274.4285714,2522.857143,1137.714286,281.8571429,73.14285714,259.2857143,1355,57.42857143,1159.428571,3261,1080.285714,250.2857143,26,2.4,2.4,2.3,2.4
1112.428571,290.7142857,2530.142857,1123.142857,264.7142857,62,285.8571429,1324.857143,27.42857143,1118.142857,3188.285714,1054.285714,244,35.28571429,2.4,2.3,2.4,
1107,289.5714286,2641.285714,1098.714286,287.2857143,62.57142857,295.1428571,1303,18.85714286,1136.142857,3084.428571,1062.285714,265.7142857,44.28571429,2.3,2.4,,2.3
1392.428571,318.1428571,2906.571429,1071,448,54.14285714,301.5714286,1282.571429,46,1132.571429,2993.714286,994.4285714,382,63.42857143,2.4,,2.3,2.5
2070.142857,402.1428571,3454.857143,1075.714286,543,69.57142857,370.7142857,1316.571429,47.28571429,1180.142857,3389.714286,1009.142857,607.2857143,36.57142857,,2.3,2.5,2.6
1832.571429,360.1428571,3556.428571,1058.857143,590.8571429,63,373,1316.857143,64.28571429,1205.571429,3426.714286,1015.285714,575.5714286,78.85714286,2.3,2.5,2.6,2.6
1554.714286,310.4285714,3650.428571,1058.857143,627.2857143,76.28571429,352.5714286,1272.428571,58,1209,3215,995.5714286,543.1428571,66.71428571,2.5,2.6,2.6,2.6
1355,292.5714286,3756.714286,1082.714286,560.8571429,69.71428571,319.4285714,1250.142857,45.57142857,1233.428571,3331.285714,981.5714286,439.7142857,35.85714286,2.6,2.6,2.6,2.5
1287.857143,278.4285714,3579.428571,1073.571429,464.1428571,80.42857143,322.8571429,1265.428571,54.71428571,1302.571429,3275.571429,978.2857143,478.7142857,17.85714286,2.6,2.6,2.5,2.6
1273,277.4285714,3382.142857,1112.857143,439.2857143,56.14285714,287,1275.857143,65.85714286,1350.857143,3509.571429,1032.428571,383.1428571,8.571428571,2.6,2.5,2.6,2.6
1039.142857,247.5714286,3250,1098.571429,358.1428571,66.85714286,342.7142857,1279.571429,45.28571429,1306.714286,3287.285714,992,337.4285714,17.71428571,2.5,2.6,2.6,2.5
1033.428571,234.7142857,3319.857143,1084.285714,387,63.14285714,286,1262.857143,54.57142857,1368.428571,3562,1108.714286,324.2857143,8.714285714,2.6,2.6,2.5,2.4
1068.285714,229.8571429,3399.285714,1103,379.7142857,45.85714286,285,1270.857143,57.28571429,1430.857143,3685.142857,1150.285714,329.2857143,17.71428571,2.6,2.5,2.4,2.5
984,215.8571429,3192.428571,1152.428571,331.1428571,43.14285714,286.4285714,1285,45,1426.142857,3789.428571,1085,270.1428571,8.714285714,2.5,2.4,2.5,2.5
1022,221.2857143,3266.857143,1179.571429,330.2857143,17.28571429,273,1307.571429,36.71428571,1342.285714,3928.428571,1050.428571,255,9.142857143,2.4,2.5,2.5,2.5
1082.428571,216.7142857,3176.285714,1195,332.8571429,8.571428571,271.5714286,1311,45.42857143,1315,3852.285714,1076.571429,232,8.714285714,2.5,2.5,2.5,2.4
1042.857143,223.5714286,2739,1249.714286,340.1428571,34.57142857,264.2857143,1304.285714,26.71428571,1278.714286,3841.428571,1078.142857,224,17.28571429,2.5,2.5,2.4,2.4
1005.142857,240.1428571,2516,1241.142857,302.4285714,8.571428571,249.2857143,1288.428571,43.85714286,1218.142857,3714.142857,983.2857143,227.5714286,63.14285714,2.5,2.4,2.4,2.3
1047.571429,259.7142857,2383.285714,1271,312.8571429,9,264.2857143,1312.428571,0,1271.142857,4092.285714,962.7142857,231.1428571,51.85714286,2.4,2.4,2.3,2.3
982.5714286,261,2357.857143,1317,346.1428571,0,254.1428571,1319.857143,26,1345.857143,4592.285714,1002.857143,226.7142857,28,2.4,2.3,2.3,2.3
914.7142857,253,2195.428571,1189.142857,289.4285714,0,254.5714286,1301.142857,27.28571429,1324.714286,4111.142857,884.8571429,194.7142857,27.42857143,2.3,2.3,2.3,2.5
883.5714286,219.8571429,2162.571429,1147.142857,248,0,248.1428571,1273,8.571428571,1236,3893.571429,755.8571429,193.4285714,0,2.3,2.3,2.5,2.5
982.8571429,235.7142857,2224.285714,1201.285714,278.1428571,0,263.4285714,1309.285714,9.428571429,1273.142857,3953.571429,756.7142857,208.1428571,18.42857143,2.3,2.5,2.5,2.4
1040.571429,249.2857143,2144.857143,1270.714286,330.7142857,8.571428571,296.8571429,1290.142857,8.714285714,1365,3909.428571,776.4285714,200.4285714,26.42857143,2.5,2.5,2.4,2.5
1061.142857,251.2857143,2125.571429,1218.428571,332.5714286,0,265,1350.142857,17.28571429,1297,3689.142857,762,192.5714286,25.85714286,2.5,2.4,2.5,2.5
1030.285714,262.2857143,1927.428571,1170.142857,307.7142857,8.571428571,253.5714286,1264,44.14285714,1267.285714,3675.142857,672.1428571,199.4285714,36.42857143,2.4,2.5,2.5,2.5
1154.571429,255.2857143,2034.428571,1275,332.8571429,9,245.7142857,1293.571429,45,1303.714286,3894,849.7142857,192,52,2.5,2.5,2.5,2.5
1184.285714,261.1428571,1938,1301.714286,323,8.714285714,257,1271,26.71428571,1277.428571,3712,698.7142857,196.2857143,81.85714286,2.5,2.5,2.5,2.5
1163.428571,259.5714286,2144.714286,1349.714286,338.2857143,9.142857143,258.1428571,1311,52.71428571,1330,3911.714286,768.5714286,215.2857143,53.42857143,2.5,2.5,2.5,2.6
1055.428571,274.2857143,2012.142857,1379.571429,353,44.28571429,246.8571429,1284.428571,26.14285714,1375.571429,4058.571429,723.2857143,194,60.57142857,2.5,2.5,2.6,2.5
1090.428571,259.7142857,2125.857143,1570.142857,422.7142857,71.14285714,260.8571429,1304.714286,9.285714286,1392.571429,4367.142857,843.7142857,203.5714286,48.85714286,2.5,2.6,2.5,2.6
1237.857143,279,2314.142857,1852,513.4285714,83.71428571,271.7142857,1380.428571,26.14285714,1473.714286,4760,995.8571429,257.7142857,62.14285714,2.6,2.5,2.6,2.6
1228.285714,275,2348,1870.285714,606.1428571,115.4285714,296.4285714,1346.714286,45.42857143,1516.857143,5173.714286,1035.714286,357,44.42857143,2.5,2.6,2.6,2.8
1552.714286,332.5714286,2581.857143,1999.714286,787.1428571,217.7142857,361.2857143,1390.285714,73.42857143,1569.142857,5138.142857,1124,852.2857143,108.8571429,2.6,2.6,2.8,3.6
1449.428571,291.2857143,2723.285714,1870.285714,720.4285714,203.7142857,373.4285714,1378.428571,63,1707.571429,5098.857143,1157.571429,734.1428571,55.71428571,2.6,2.8,3.6,3
1732.142857,392,3008,2055.428571,993.2857143,218.5714286,485.8571429,1498,58.14285714,1832.857143,5512.142857,1216.142857,916.1428571,90.57142857,2.8,3.6,3,3.3
1703.142857,404.1428571,3007.857143,1745.285714,1045.857143,213,513.4285714,1473,80.57142857,1764.714286,5252.285714,1215.142857,806,91.28571429,3.6,3,3.3,3.6
1598,352,3037.428571,1680.142857,999.7142857,195.2857143,602.4285714,1427.428571,65.85714286,1732.285714,4980.857143,1211.714286,832.2857143,64.28571429,3,3.3,3.6,4
1605.571429,324.5714286,3202.285714,1744.285714,937.5714286,205,653.1428571,1467.285714,68.42857143,1710.714286,4845,1210.428571,1032.285714,61.14285714,3.3,3.6,4,4.2
1497,296.4285714,2958,1495.571429,940.7142857,215.5714286,643.5714286,1414.285714,66.85714286,1605.142857,4275.285714,1217.857143,1073.571429,34.57142857,3.6,4,4.2,5.6
1316.285714,283,3305.857143,1340,900.7142857,179,772.4285714,1350.714286,59.71428571,1439,4136.142857,1183.714286,766.2857143,17.42857143,4,4.2,5.6,3.6
1909.285714,454.5714286,3188.285714,1441.142857,1043.714286,207.1428571,943.7142857,1506.571429,107.4285714,1700.142857,4535.857143,1287.428571,967.4285714,115.7142857,4.2,5.6,3.6,3.5
1678.857143,419.5714286,2998.714286,1382.571429,967.1428571,190,850,1500.142857,77.28571429,1572.571429,4137.428571,1260.142857,804.4285714,102.2857143,5.6,3.6,3.5,3.6
1804.142857,423.2857143,3234.142857,1458.857143,1063.285714,217.4285714,809.2857143,1424,83.85714286,1647.428571,4129.142857,1293.857143,864.5714286,127.7142857,3.6,3.5,3.6,3.8
2095.571429,419.8571429,3138.571429,1317.428571,1125.142857,217.7142857,1063,1454,97.85714286,1660,4268.571429,1284.142857,929.1428571,145.7142857,3.5,3.6,3.8,4
3587.857143,654,3406.857143,1529.714286,1978.428571,384.2857143,1936.857143,1405.857143,131.7142857,1774.142857,4520.428571,1370.428571,1411,201,3.6,3.8,4,4
3229.428571,697.4285714,3247,1442.285714,2321.857143,288,1496.285714,1420.714286,123.1428571,1808,4432.714286,1358.285714,1122.285714,190.2857143,3.8,4,4,3.7
2396.285714,504.1428571,3135,1485.857143,1805,232.1428571,1231.857143,1350.285714,134.2857143,1705.714286,4233.142857,1315.142857,887.4285714,157.1428571,4,4,3.7,3.2
1673.428571,399.5714286,2787,1260.714286,1161.571429,179.5714286,1024.428571,1356.571429,88.57142857,1544.142857,3717.142857,1199.571429,605.8571429,138.2857143,4,3.7,3.2,2.8
1461.571429,322.8571429,2481.857143,1156.285714,930.2857143,146.2857143,750.7142857,1347.428571,62.42857143,1427.714286,3093.714286,1055.714286,456.1428571,89.28571429,3.7,3.2,2.8,2.6
1285.142857,322.1428571,2557,1325.714286,772.5714286,139.8571429,621.1428571,1456.857143,37.28571429,1308.142857,3382.857143,1005.428571,377.7142857,53.28571429,3.2,2.8,2.6,2.6
1173.571429,293.1428571,2903.285714,1700.285714,678.7142857,126,568.5714286,1585.142857,17.42857143,1272,4003.857143,1054.428571,373.7142857,26.14285714,2.8,2.6,2.6,2.6
1072.571429,289.2857143,3242.285714,1762.428571,542.5714286,132.8571429,511,1752.571429,26.14285714,1212.571429,7713.285714,1106,514.2857143,9.285714286,2.6,2.6,2.6,2.4
1028.857143,303.7142857,2884.285714,1746.142857,489.7142857,65.85714286,490.8571429,1667.714286,8.714285714,1225,5185.571429,1111.142857,307.8571429,8.714285714,2.6,2.6,2.4,2.4
1030.857143,283.5714286,2907.571429,1882.571429,411.7142857,63,476.5714286,1707,0,1223.428571,4822,1082.428571,257,8.714285714,2.6,2.4,2.4,2.4
1094.428571,295.5714286,2981.857143,1686.714286,401.2857143,35.71428571,463.1428571,1762.714286,0,1207.142857,4841.428571,1017.571429,248.5714286,0,2.4,2.4,2.4,2.5
1033.142857,296.1428571,2865.428571,1389.285714,342.7142857,8.714285714,388.5714286,1535.857143,0,1195.428571,5198,948.2857143,234.7142857,8.714285714,2.4,2.4,2.5,2.6
955,273.1428571,2614.285714,1111.428571,319.8571429,17.42857143,378.8571429,1355.142857,0,1190.714286,3724.714286,929.1428571,214.7142857,9.285714286,2.4,2.5,2.6,2.5
858.5714286,273.2857143,2436.428571,1026.142857,322.5714286,9.428571429,376.4285714,1305.714286,0,1196.714286,3490,915.4285714,222.8571429,8.714285714,2.5,2.6,2.5,2.5
710.4285714,262.2857143,2221.285714,986.5714286,286.7142857,17.42857143,358.8571429,1301.285714,0,1169.285714,2904.571429,772.7142857,200,17.42857143,2.6,2.5,2.5,2.5
801,236.8571429,2136.142857,982,266.7142857,17.71428571,338.2857143,1276.571429,0,1180,2912.571429,780.8571429,200.2857143,0,2.5,2.5,2.5,2.6
754.2857143,228.5714286,2116.285714,962.4285714,264.5714286,8.714285714,340,1256.714286,0,1179.285714,2865.714286,763.7142857,177.2857143,9.142857143,2.5,2.5,2.6,2.5
806.8571429,219.5714286,2100,965.7142857,268.4285714,17.71428571,348.2857143,1245.142857,0,1186.714286,2869.285714,746.4285714,184.7142857,8.714285714,2.5,2.6,2.5,2.5
762.2857143,209.7142857,2108.142857,1018.857143,260.2857143,0,352.8571429,1231.428571,0,1225,3013.571429,779.5714286,184.1428571,0,2.6,2.5,2.5,2.5
777.8571429,205.7142857,2103.428571,1115.714286,260.4285714,0,334.2857143,1224.857143,0,1224.571429,3109.285714,814.8571429,184.1428571,0,2.5,2.5,2.5,2.5
711.1428571,201,2127.285714,1108.285714,257.8571429,8.714285714,314.7142857,1253.571429,0,1236.857143,3292.285714,863.1428571,189.7142857,0,2.5,2.5,2.5,2.3
654.2857143,197.1428571,2063.571429,1123.571429,253.2857143,17.71428571,313.4285714,1234.714286,0,1233.714286,3329.857143,857.8571429,197.2857143,0,2.5,2.5,2.3,2.4
856.7142857,213.4285714,2090.142857,1093.142857,269.4285714,0,321.7142857,1233,0,1253.571429,3376.571429,878.2857143,174.8571429,0,2.5,2.3,2.4,2.3
779.8571429,217.5714286,2140.571429,1098,275.7142857,17.42857143,339.2857143,1276.857143,0,1244.714286,3543.571429,886.4285714,203.1428571,0,2.3,2.4,2.3,2.4
771.7142857,233.4285714,1971.571429,1114.142857,308.7142857,8.714285714,335,1246.714286,0,1221.571429,3486.285714,869.1428571,205.2857143,8.714285714,2.4,2.3,2.4,2.4
962.8571429,260.2857143,1846.571429,1066.142857,312.2857143,26.71428571,342,1278,0,1160.285714,3174,801.5714286,215.4285714,26.14285714,2.3,2.4,2.4,2.7
7236.285714,254.1428571,1910.714286,1093.142857,321,26.14285714,349.4285714,1259.714286,8.714285714,1138.142857,3240,753.1428571,218.1428571,17.85714286,2.4,2.4,2.7,2.4
9952.428571,278.1428571,1989.428571,1143.571429,352.8571429,28.71428571,395.2857143,1290.714286,9,1234.857143,3526.571429,857.5714286,249.2857143,8.714285714,2.4,2.7,2.4,2.5
8281.285714,232.5714286,1813.285714,1096,345.7142857,18.71428571,364.2857143,1243,8.714285714,1181.857143,3242.571429,747,214.1428571,0,2.7,2.4,2.5,2.9
5879.285714,241.1428571,1984.571429,1094.285714,320.2857143,8.714285714,355.2857143,1232.428571,0,1169.714286,3420.571429,745,190.8571429,17.71428571,2.4,2.5,2.9,2.5
3381.714286,261.2857143,1837.857143,1223.428571,352.7142857,27,388,1260.142857,17.42857143,1289.714286,3498.857143,778.1428571,226.1428571,26.42857143,2.5,2.9,2.5,2.6
2847.428571,275.4285714,1938,1247,408.7142857,57.57142857,379.4285714,1255.857143,43.85714286,1259.714286,3554.571429,887.7142857,242.8571429,34.85714286,2.9,2.5,2.6,2.7
2498.714286,283,2027.142857,1133.428571,406.7142857,72,390.5714286,1268.285714,63.85714286,1273.571429,3527.142857,1016.285714,262.8571429,19.28571429,2.5,2.6,2.7,2.9
2202.857143,289.2857143,2131.285714,1266.857143,430.8571429,37,435.2857143,1269.142857,28.57142857,1345.428571,4015.428571,1072.428571,279.2857143,47.28571429,2.6,2.7,2.9,3.1
2139.428571,285.8571429,2127,1289.428571,449.5714286,62.14285714,435,1299.714286,19.71428571,1349.571429,4002.571429,1089,289.8571429,45.28571429,2.7,2.9,3.1,3.2
2016.857143,296,2206.714286,1284.428571,565.8571429,70.42857143,487,1355.857143,83.71428571,1354.857143,3918.857143,1106.714286,372.7142857,72.28571429,2.9,3.1,3.2,3.4
1935.714286,290.7142857,2172.428571,1199,570.7142857,119.5714286,518.5714286,1319,36.14285714,1353.571429,3955.714286,1093.428571,398.1428571,46.85714286,3.1,3.2,3.4,3.6
1940.714286,308.5714286,2403.428571,1391.857143,690.1428571,118.4285714,578.5714286,1342.857143,67.42857143,1356.428571,4382.714286,1201.142857,537.1428571,90,3.2,3.4,3.6,3.6
2025,326,2687.571429,1654.142857,928.8571429,178.2857143,692.4285714,1430.285714,83.85714286,1407.285714,4819.857143,1302.428571,755.7142857,114.8571429,3.4,3.6,3.6,3.7
1843.428571,320.2857143,2906.571429,1449.857143,929.4285714,186.7142857,764.2857143,1422.285714,82.42857143,1369.428571,5167,1284.285714,905.7142857,96,3.6,3.6,3.7,3.9
1992.142857,324.8571429,3026.428571,1611.857143,980.4285714,212.1428571,892.4285714,1447.428571,59.28571429,1376.285714,5433.285714,1309.285714,1057.285714,92.71428571,3.6,3.7,3.9,3.9
2066.857143,320.4285714,2934.857143,1417,980.5714286,198.5714286,936.8571429,1361.285714,78.71428571,1354.428571,5405.571429,1229.142857,1062.857143,74.42857143,3.7,3.9,3.9,4.2
2010.428571,333.1428571,3174.285714,1485.714286,1002.857143,209.5714286,1024.142857,1440.142857,66.14285714,1383.571429,5505.428571,1274.285714,1094.142857,17.71428571,3.9,3.9,4.2,4
2097.285714,330.8571429,2665.428571,1183,991.7142857,196.4285714,1013.142857,1338.142857,74.85714286,1365.142857,4982.571429,1233.285714,1014.714286,53.14285714,3.9,4.2,4,3.8
2005,277.2857143,2364.142857,1176.142857,968.1428571,177.5714286,991.5714286,1299,64.85714286,1358,4940.428571,1202.285714,875.7142857,18,4.2,4,3.8,4.1
1790,221.2857143,2074,1099.857143,880.1428571,147.8571429,837.2857143,1184.714286,53.42857143,1188.714286,4549,1094.571429,645.2857143,8.714285714,4,3.8,4.1,4
1857,242.1428571,2349.714286,1157.857143,802.4285714,130.1428571,826.1428571,1223.285714,46.71428571,1226.857143,5053.714286,1116.285714,548.4285714,0,3.8,4.1,4,3.3
2145.142857,324.5714286,2211.285714,1220.428571,966.7142857,148.4285714,884.7142857,1324.142857,63,1354,5277.714286,1174.428571,721.2857143,81.42857143,4.1,4,3.3,3
2805.285714,500.4285714,2124.857143,1188.428571,1395.714286,149.7142857,1104.571429,1303.285714,36.85714286,1300.857143,5183.857143,1137,810.4285714,114.7142857,4,3.3,3,2.9
2864.428571,597.5714286,2116.428571,1154.142857,1684.857143,157,1080.571429,1266.142857,26.14285714,1305.428571,5329.428571,1089.857143,758.5714286,125.1428571,3.3,3,2.9,3
2428.714286,508.7142857,2315.857143,1337.285714,1538.714286,166,1014,1267.857143,54.85714286,1317.857143,5859.714286,1131.857143,732.5714286,109.1428571,3,2.9,3,3.2
2269.428571,490.4285714,2830.142857,1652.857143,1212.857143,177.7142857,1056.714286,1359.571429,69.42857143,1378.285714,6562.428571,1186.714286,757.1428571,106.8571429,2.9,3,3.2,3.4
1907.857143,496.1428571,2973.571429,1937.714286,1127.571429,174.2857143,1053.857143,1332.714286,55.85714286,1432.571429,6790.428571,1166.428571,748.8571429,128.1428571,3,3.2,3.4,3.4
1657.428571,484,3018.571429,2165.285714,1086.142857,187.2857143,1005.285714,1332.714286,47.14285714,1416.714286,6587.571429,1148.285714,813.4285714,117.1428571,3.2,3.4,3.4,3.3
1523,452.7142857,2911.428571,2259.571429,1033.285714,159.2857143,977.1428571,1316.285714,73,1410.142857,6201.142857,1163.142857,635.2857143,86.28571429,3.4,3.4,3.3,3.1
1421.714286,373,3222.142857,2257.857143,981.2857143,140.7142857,875.4285714,1348.428571,46.14285714,1294,5733.142857,1092.714286,461.2857143,45.14285714,3.4,3.3,3.1,3.1
1329.857143,366.8571429,3091.285714,1931.428571,925.1428571,105.2857143,808.4285714,1284.285714,44.42857143,1327,5165.285714,1053.714286,395.4285714,53.14285714,3.3,3.1,3.1,3.1
1299.714286,367.4285714,3036.285714,1596.857143,903.4285714,104.5714286,800.4285714,1289.857143,46.28571429,1276.571429,4657.142857,1038,378.7142857,27.14285714,3.1,3.1,3.1,3.2
1354.857143,355,2859.714286,1569.428571,867.8571429,123.2857143,738.8571429,1284.285714,26.42857143,1278.428571,4669,1006.714286,367.4285714,8.714285714,3.1,3.1,3.2,3.3
1305.714286,365.5714286,3156.428571,1577.285714,865.1428571,130.2857143,794.8571429,1259.714286,26.14285714,1234.428571,4797.285714,1032.428571,476.1428571,9.428571429,3.1,3.2,3.3,3
1366.142857,395.5714286,3064.142857,1458.857143,901.2857143,137.5714286,759.2857143,1289.285714,36.42857143,1244.571429,4467.428571,1012.714286,383.1428571,28.14285714,3.2,3.3,3,3.5
1358.857143,401,3100,1322.857143,798.8571429,116.2857143,792.1428571,1300.285714,35.42857143,1218.857143,3931.285714,1003,352.2857143,9,3.3,3,3.5,3
1398.571429,363.8571429,3076.857143,1194.714286,735.4285714,110.2857143,729.7142857,1307.714286,35.85714286,1256.571429,3734,950.4285714,313,0,3,3.5,3,2.8
1376.285714,324.5714286,3228.857143,1101.285714,655.8571429,94.28571429,674.2857143,1285.285714,9.285714286,1167.714286,3497.428571,892.1428571,268,0,3.5,3,2.8,2.5
1323.857143,325.5714286,3175.714286,1121.142857,524.7142857,100.5714286,674.7142857,1339.428571,0,1230.571429,3395.285714,877.8571429,291.5714286,26.57142857,3,2.8,2.5,2.5
1330.714286,315.1428571,3383,1096.142857,472.5714286,97.14285714,714.7142857,1291.571429,18,1240.857143,3286.285714,918.5714286,293.8571429,8.714285714,2.8,2.5,2.5,2.6
1514.142857,341.4285714,3827.285714,1080.285714,541.4285714,132.8571429,737.8571429,1236,18,1233.142857,3353.428571,957.7142857,336.1428571,0,2.5,2.5,2.6,2.5
1589.428571,355.4285714,4292,1059.714286,680.2857143,136.1428571,832.7142857,1229.142857,44.71428571,1207.142857,3449.857143,1026.428571,558.4285714,27.14285714,2.5,2.6,2.5,2.5
1465.428571,344.8571429,4642,1049.142857,782,149.1428571,873.2857143,1270.714286,63.14285714,1242.857143,3580.857143,1023.571429,660.5714286,26.57142857,2.6,2.5,2.5,2.6
2119.428571,427.7142857,5235.857143,1069.571429,931.7142857,154.8571429,998.5714286,1253.571429,50.85714286,1326.857143,4078.571429,1089.857143,815.2857143,70,2.5,2.5,2.6,2.5
1816,449.1428571,5525.714286,1058,952.7142857,157.8571429,1017.857143,1252.714286,65.71428571,1321.857143,4269.142857,1154.142857,784.5714286,64.42857143,2.5,2.6,2.5,2.4
1865,384.5714286,5044,1083.285714,896.5714286,157.1428571,936.8571429,1272.285714,92.85714286,1339.714286,4002.142857,1097.428571,761.7142857,73,2.6,2.5,2.4,2.5
2794.142857,437.7142857,4385.857143,1057.714286,1018.142857,143,848.2857143,1248.428571,78.14285714,1318.571429,3796.285714,1085.142857,642.5714286,105.1428571,2.5,2.4,2.5,2.4
6924,654,4486.142857,1090.857143,3071.857143,175.5714286,1016,1296.857143,119.7142857,1349.714286,4159.714286,1109,1019.571429,210,2.4,2.5,2.4,2.5
2329.142857,347.5714286,4704.428571,1114,1271.285714,158.2857143,914.8571429,1382.142857,74.28571429,1366.142857,4621.714286,1149.428571,883,114.2857143,2.5,2.4,2.5,2.4
1981,319.5714286,4914.571429,1321.428571,1026.428571,156.2857143,907,1510,64,1399.428571,5027.714286,1207,843.5714286,67.85714286,2.4,2.5,2.4,2.4
1759,327.4285714,4328.857143,1466,885.8571429,143.7142857,839.7142857,1561,56.57142857,1359.714286,5054.857143,1160.142857,766.8571429,74.85714286,2.5,2.4,2.4,2.5
1557.714286,317.5714286,3997.285714,1552.428571,891.2857143,140.5714286,851.8571429,1737.857143,54.71428571,1322.857143,5326.714286,1198.142857,678,102,2.4,2.4,2.5,2.4
1426.142857,337,3858.571429,1569,898.2857143,151.4285714,922,1834.428571,65,1423.285714,5920.857143,1240.857143,632.1428571,63.71428571,2.4,2.5,2.4,2.5
1480.857143,326.2857143,3376.571429,1608.571429,778.2857143,130.5714286,922.5714286,1825.142857,91.42857143,1429.857143,5709.285714,1240.428571,462.5714286,110.7142857,2.5,2.4,2.5,2.5
2215.142857,311.4285714,3013.714286,1274.285714,601.1428571,102.2857143,807.1428571,1642.285714,98.28571429,1404.857143,4967.857143,1121.142857,446.2857143,44.85714286,2.4,2.5,2.5,3.2
1494.285714,253.4285714,3129,1258.571429,455.5714286,82.14285714,711,1486.571429,71.85714286,1201.428571,4832.142857,983.1428571,268.2857143,8.714285714,2.5,2.5,3.2,
1430.142857,312,2916.428571,1336,415.5714286,82,724.4285714,1357.285714,60.42857143,1378.714286,4810.857143,924,321,53.14285714,2.5,3.2,,
1410.285714,320.2857143,2428.142857,1530,386.7142857,72,730,1310.285714,25.57142857,1334.714286,3918.428571,794.2857143,313.2857143,88.42857143,3.2,,,2.6
1378.428571,342.2857143,2546.142857,1742.285714,447.7142857,61.42857143,798.7142857,1348.571429,28.14285714,1376.428571,4420.428571,882.4285714,298.1428571,62.85714286,,,2.6,2.7
1369.142857,369.2857143,2508.571429,2412,489.7142857,62.14285714,820.2857143,1379,17.42857143,1400.428571,4501.571429,899.4285714,278.5714286,81.85714286,,2.6,2.7,2.8
1294.142857,373.8571429,2703.571429,2412.714286,492.4285714,70.57142857,862,1381,34.57142857,1382.571429,4430.428571,903.4285714,289.2857143,95.28571429,2.6,2.7,2.8,3.2
1293.857143,369.1428571,2672.428571,2010.571429,572.5714286,55.57142857,954.8571429,1400,9.285714286,1369.857143,4124.857143,876.1428571,292.7142857,109.8571429,2.7,2.8,3.2,3.5
1378.714286,404.8571429,2680,2108.571429,747.2857143,83.42857143,999,1285.142857,45.85714286,1369,3667.714286,855.8571429,367.4285714,132.5714286,2.8,3.2,3.5,3.7
1737.571429,520.4285714,3235.571429,2158.714286,1022.714286,147.2857143,1204,1388.714286,68.42857143,1478.142857,3224.571429,1069.857143,606.8571429,138.7142857,3.2,3.5,3.7,4
1899.285714,746.8571429,3933.857143,2043.714286,1356.857143,227.5714286,1871.714286,1386.285714,105.8571429,1611.142857,4116.428571,1172.857143,1067.428571,159.8571429,3.5,3.7,4,4.9
2594.285714,985.8571429,4587.285714,2511.714286,1831.714286,300.5714286,3152.714286,1444.571429,139,1765.428571,4712.285714,1266.857143,1206.285714,184.5714286,3.7,4,4.9,5.2
3945,1113.142857,6083.571429,3065.857143,3229,436.2857143,5642.714286,1542.571429,139,2105.714286,5905.714286,1552,1609.142857,214.7142857,4,4.9,5.2,5.3
10281.71429,2127.428571,7813.857143,3404.571429,7160.142857,562.5714286,10268.14286,1621.285714,249.4285714,2458.857143,6481.428571,1999.857143,2187,378.1428571,4.9,5.2,5.3,5.8
10577.42857,2262.428571,7754.285714,3462.428571,7653.714286,573,15487.28571,1518.285714,276.8571429,2567.714286,6874.571429,1836.714286,2076.857143,374.7142857,5.2,5.3,5.8,5.5
13886.14286,1945.714286,7091.142857,3076.857143,11848.71429,578.2857143,32072,1512.428571,285.8571429,2542.285714,6305.714286,1641.285714,2187.714286,437.5714286,5.3,5.8,5.5,5.2
15326.14286,1711.714286,7439.428571,3605.428571,16803.57143,665.5714286,33979.42857,1636.142857,277.4285714,2713.285714,6484,1816,2848.714286,449.8571429,5.8,5.5,5.2,4.9
7845.571429,1148.142857,5758.428571,2820.857143,10576.71429,482.1428571,20268.14286,1493.428571,184.5714286,2240,5169.714286,1424.285714,2399.285714,274.5714286,5.5,5.2,4.9,4.2
4280,777.8571429,4802.428571,2451,6128,383.4285714,9922.857143,1333.571429,149.2857143,2029,4347.285714,1247,2204.285714,179.5714286,5.2,4.9,4.2,3.7
3357.142857,600.2857143,4405.571429,2414.142857,4627.142857,345,7420.571429,1392.285714,130.7142857,2023.428571,4304.142857,1265.285714,2057.571429,142.8571429,4.9,4.2,3.7,4.5
6870.714286,941,4025.571429,2284.285714,8451.285714,349.8571429,7412.571429,1328.428571,143,1721.428571,3840.714286,1159.714286,2291.571429,160.2857143,4.2,3.7,4.5,3.6
3918.714286,796.4285714,3983.285714,2384,5023.571429,312,5485,1498.857143,131.4285714,1705.857143,3949.714286,1127.571429,1686.714286,155,3.7,4.5,3.6,2.9
6721,973.5714286,3151.571429,2028.857143,8598.857143,363.2857143,4891.571429,1555.428571,149.5714286,1600.285714,3724,1149.714286,1823.142857,250.5714286,4.5,3.6,2.9,2.6
3328.571429,635.2857143,2761.142857,1621.714286,4549.142857,280.7142857,2767,1461.142857,110.7142857,1413.142857,3541.428571,919.4285714,1181.285714,213.4285714,3.6,2.9,2.6,2.6
2444.857143,616.8571429,3057.857143,2005.285714,2931.857143,222,2200.857143,1565.714286,103.5714286,1419.571429,3686.571429,878,999.1428571,190.4285714,2.9,2.6,2.6,2.6
1907.857143,494.5714286,2959.285714,1997,1762.428571,186.1428571,1732.857143,1537.571429,93.57142857,1434.428571,3935.428571,835.8571429,743.7142857,171.8571429,2.6,2.6,2.6,2.6
1760.857143,426.8571429,3033.714286,1874,1494.714286,165.4285714,1457.857143,1535.285714,54.42857143,1406,3539.285714,830.8571429,631.4285714,152.2857143,2.6,2.6,2.6,2.5
1716.857143,397.4285714,2830.857143,1635.571429,1187.571429,138.1428571,1270.142857,1451.714286,0,1363.857143,3307.571429,760.2857143,487.1428571,124.4285714,2.6,2.6,2.5,2.3
1468.714286,392.5714286,2765.428571,1783.714286,1054.571429,121.5714286,1223.428571,1541.714286,44.28571429,1317.428571,3134.285714,748.8571429,450,119.2857143,2.6,2.5,2.3,2.4
1376,346.2857143,2812.285714,1638.714286,1019.285714,130.4285714,1187.714286,1649.571429,26.14285714,1167.285714,3030.285714,719.1428571,411.5714286,115.5714286,2.5,2.3,2.4,2.3
1308.428571,317,2787.142857,1413,891.1428571,112.2857143,1153.142857,1585.714286,0,1120,2551.428571,644.8571429,367.8571429,83.28571429,2.3,2.4,2.3,2.6
1281.428571,313.4285714,3152.571429,1360.285714,704.5714286,124.4285714,1089.428571,1451.714286,8.428571429,989.2857143,2099.571429,567.7142857,351.4285714,80,2.4,2.3,2.6,2.3
1222.571429,322.5714286,2906.428571,1357.571429,653.7142857,111.1428571,1140.857143,1464.714286,8.714285714,1021.714286,2284.714286,605.7142857,369.4285714,63,2.3,2.6,2.3,2.3
1464.571429,310.4285714,3072.571429,1143.428571,922,118.1428571,1124.857143,1482.857143,54,1177.142857,3165.714286,923,363.4285714,53,2.6,2.3,2.3,
1872.142857,344.1428571,3230.285714,1125.857143,932.7142857,111.7142857,1158.285714,1470.714286,35.71428571,1217.571429,3703,947.2857143,342.8571429,52,2.3,2.3,,2.4
1336.428571,414.1428571,3170.142857,1136.857143,725.5714286,90.85714286,1164,1391,9,1197.428571,3538.857143,1012.571429,319,25.57142857,2.3,,2.4,2.4
1439.285714,323,3241,1170.714286,704,81.71428571,1129,1472.571429,26.14285714,1217.428571,3435.285714,1000,320.8571429,35.42857143,,2.4,2.4,2.3
2803,306.1428571,3128.714286,1155.285714,684.4285714,79.85714286,1093.857143,1274.571429,18,1227,3043.571429,1008.571429,313.8571429,35.14285714,2.4,2.4,2.3,2.4
1606.285714,303.2857143,3201.142857,1084.142857,589.2857143,54.57142857,1067.857143,1223,0,1277.428571,2800.142857,984,282,26.14285714,2.4,2.3,2.4,2.3
1438.571429,313.8571429,3027.857143,1012.714286,470.7142857,61.71428571,1053.857143,1184.857143,9.428571429,1173.142857,2220.142857,877.4285714,255.1428571,8.428571429,2.3,2.4,2.3,2.3
1329.285714,296,3085.428571,987,406.5714286,62,1069,1167.857143,9,1173.571429,2267.571429,895.1428571,254.2857143,8.428571429,2.4,2.3,2.3,2.2
1321.142857,298.1428571,3065,999.4285714,431.4285714,53.14285714,1088.428571,1169,0,1199.428571,2393.571429,877,271.1428571,17.71428571,2.3,2.3,2.2,
1321.142857,292.1428571,3457.428571,1009.428571,383,44.71428571,1064.714286,1172.857143,0,1220.571429,2417,927.1428571,275.1428571,0,2.3,2.2,,2.2
1319.571429,293.4285714,3456.714286,1030.428571,308.5714286,44.71428571,1063.857143,1186.714286,0,1241.714286,2504.428571,986.7142857,349,34.85714286,2.2,,2.2,2.1
1351.285714,288.1428571,3341.142857,1043.142857,623.7142857,35,1039.428571,1185.571429,9,1270,2800.285714,1038.714286,268.1428571,0,,2.2,2.1,2.1
1303.285714,283,3195,1048.285714,650.4285714,35.14285714,1060.428571,1213.428571,0,1323.714286,3370.857143,1069.142857,249,17.14285714,2.2,2.1,2.1,
1262.142857,288.1428571,2956.142857,1058.428571,508.4285714,8.428571429,1035,1198.142857,35.71428571,1309.714286,3189.285714,1043.571429,243.4285714,44.28571429,2.1,2.1,,2.1
1379.285714,288.8571429,2834.142857,1075.285714,394,17.57142857,1028,1219.571429,0,1276.571429,3166.714286,1065.857143,231.1428571,43,2.1,,2.1,2
1294.857143,315.1428571,2350.428571,1072.142857,350.2857143,0,986.7142857,1167.714286,8.428571429,1194.571429,2694.142857,1047.857143,238.1428571,54,,2.1,2,2.1
2800.571429,319.2857143,2388.714286,1142.571429,443,0,1009.285714,1202.714286,17.42857143,1143.857143,3602.142857,1041.714286,237.1428571,95.57142857,2.1,2,2.1,2.1
2721.571429,311.7142857,2228.857143,1197.142857,466,17.14285714,1073.428571,1354.428571,9.571428571,1139.857143,3799.571429,1049.714286,271.2857143,74,2,2.1,2.1,2.1
2164.428571,282.8571429,2153,1232,381.2857143,72.42857143,1030.142857,1293.428571,27.42857143,1129.428571,3427.571429,1044.428571,256.1428571,45.42857143,2.1,2.1,2.1,2
1935.285714,310.2857143,2374,1236.714286,385.7142857,34.85714286,1031.714286,1272.714286,8.714285714,1237.142857,3528,1081.285714,250.7142857,54.42857143,2.1,2.1,2,2.8
1616.428571,257.7142857,2207,1521.285714,368.1428571,44.42857143,965.2857143,1377,9.428571429,1195.428571,3905.857143,1027,209.1428571,35.42857143,2.1,2,2.8,2.1
1479,327,2122,1543.571429,404,9.285714286,1080.571429,1402.428571,18.28571429,1395.428571,4343.285714,1079,257.8571429,73.28571429,2,2.8,2.1,2.3
1483.571429,336.4285714,2159.714286,1726.857143,374.5714286,28.42857143,1045.714286,1528.142857,18,1298.142857,4238.571429,1072.714286,258.5714286,88.14285714,2.8,2.1,2.3,2.3
1709.571429,379.1428571,2363.714286,1836.142857,404.2857143,45.42857143,1275.714286,1550.142857,26.71428571,1315.714286,4084.142857,1088.714286,297.7142857,103.5714286,2.1,2.3,2.3,2.3
2074.857143,401.1428571,2198,1729.428571,468,9.571428571,1200,1457.428571,26.14285714,1379.571429,4016.571429,1103.571429,299.7142857,113.7142857,2.3,2.3,2.3,2.5
1760.857143,386.5714286,2058.285714,1276,452.7142857,47,1143.714286,1506,26.71428571,1247.428571,3815.714286,1050.857143,305.8571429,104.2857143,2.3,2.3,2.5,2.6
2224.857143,395.2857143,2076.857143,1438.142857,648.4285714,54.42857143,1186.571429,1511.428571,63.28571429,1283.285714,3733.571429,1086.285714,375.5714286,117.8571429,2.3,2.5,2.6,2.8
2571.285714,479.7142857,2413,1709,759,87.28571429,1599.857143,1619.142857,79.28571429,1350.857143,4607.142857,1116,493.1428571,144.7142857,2.5,2.6,2.8,3
2709.714286,530.7142857,2729.428571,1908.714286,945.7142857,116,1972.714286,1619.714286,96.71428571,1497.428571,4501.428571,1180.714286,682.7142857,140,2.6,2.8,3,3.2
2884,605.2857143,2886.857143,1924.285714,1105.142857,96.42857143,2115.571429,1679.857143,99.14285714,1673.857143,4571.285714,1166,855,160.5714286,2.8,3,3.2,3.4
2697.142857,626.7142857,2918.714286,2208.142857,1280,155,2343.285714,1597,92.57142857,1619.714286,4912.714286,1151.714286,1039.428571,157.7142857,3,3.2,3.4,3.7
3338.285714,828.7142857,3661.428571,2619.857143,2147.142857,220,3662.428571,1772.428571,124.5714286,1722.428571,5635.571429,1334.142857,1890.857143,206.8571429,3.2,3.4,3.7,4.1
4814.285714,928.8571429,4087.857143,2424,2890.142857,304.4285714,5535.142857,1781.714286,160.7142857,1923.857143,6352.571429,1449.857143,3399.857143,240.4285714,3.4,3.7,4.1,5.3
7662.142857,941.4285714,5396.714286,2635.142857,3444.285714,472.8571429,9158.857143,1799.714286,241,2108.142857,7006.142857,1753.571429,5523.285714,211.5714286,3.7,4.1,5.3,5.3
16687.28571,1588.142857,6336.714286,2846,10579.28571,961.5714286,21581.14286,1994.714286,570.7142857,2515,8495.857143,2471.285714,11917.28571,513.5714286,4.1,5.3,5.3,5.4
15931,1373.714286,6344.714286,2773.142857,14703.71429,1213.571429,26729.57143,2007.714286,438.1428571,2637.571429,8725.714286,2596.285714,15148.14286,606,5.3,5.3,5.4,5.1
13048.28571,1135,5870.714286,2648,11286,1194.571429,24657.85714,1959.142857,369.1428571,2676,8619.714286,2691.142857,14410.28571,406.7142857,5.3,5.4,5.1,4.6
9949.285714,963.8571429,4811.285714,2301.857143,9510,1074.857143,19685,1784.428571,309.7142857,2495.142857,7295.142857,2417.428571,12870.57143,302.5714286,5.4,5.1,4.6,6.2
4987.142857,515.5714286,4066.285714,1785.285714,5658.857143,614.4285714,10452,1534.428571,201.1428571,1774.714286,5651.285714,1602.571429,5909.142857,104.4285714,5.1,4.6,6.2,3.4
5363.857143,563.8571429,3974.142857,2125.571429,4543.857143,546.5714286,9803.714286,1690.428571,189.8571429,1988,6642.285714,1652.428571,5895,178.8571429,4.6,6.2,3.4,2.9
6063.857143,602.4285714,3916.285714,1926.285714,4467,508.4285714,7426.857143,1642.857143,183.2857143,1814.285714,5879.428571,1545.857143,4987.714286,207,6.2,3.4,2.9,2.8
5736.428571,580.8571429,3625.142857,1935.571429,3966.714286,492.1428571,6347.857143,1643.428571,200.8571429,1799.571429,5764.428571,1489.428571,4956.857143,216,3.4,2.9,2.8,
4648.285714,620.5714286,3504,1904.285714,3632.857143,522.2857143,5671.571429,1621,179.7142857,1677.571429,5997.142857,1408.857143,4492.285714,217.7142857,2.9,2.8,,3.3
4558,663,3815.428571,2129.142857,3706.857143,474.5714286,5898.428571,1624.857143,171.1428571,1748.142857,6297.571429,1486.285714,3898.428571,213.7142857,2.8,,3.3,3.5
4271,703.4285714,4088.571429,1908.571429,3609.714286,446.7142857,6599.714286,1662.285714,171.8571429,1731.857143,5966.285714,1472,3191.571429,199,,3.3,3.5,3.6
4442.285714,549.7142857,3709.428571,1886,3400,380.1428571,7535.714286,1698.142857,151.7142857,1743.571429,5793.714286,1461.571429,2517.285714,192.2857143,3.3,3.5,3.6,3.9
4135.142857,507.1428571,3946.285714,1884.714286,3247.571429,305.7142857,8026,1724.285714,130,1689,5402.714286,1582.142857,2004.142857,160.7142857,3.5,3.6,3.9,3.7
3882.142857,530.1428571,4009.857143,1749.142857,2718.142857,260.2857143,7849.142857,1708.428571,118.2857143,1691.857143,5502.714286,1578.285714,1786.142857,138.7142857,3.6,3.9,3.7,3.6
3822.571429,538.7142857,4086.857143,1743.571429,2532.714286,248.4285714,7636.857143,1653.428571,123,1588,5061.428571,1553.428571,1565.142857,143.7142857,3.9,3.7,3.6,3.3
3466.285714,491.8571429,3973.428571,1402.428571,2384.285714,234.2857143,6206,1480.571429,97.14285714,1571,4035.428571,1362.285714,1320.285714,140.8571429,3.7,3.6,3.3,3.2
2511,428.5714286,4151.285714,1545.714286,1660.142857,159.8571429,4708.285714,1476.428571,78,1430.857143,4280.714286,1256.714286,1072.571429,107.2857143,3.6,3.3,3.2,2.6
2695.142857,469.5714286,4172.285714,1729.714286,1321,148.7142857,4121.285714,1543.285714,99.28571429,1540.142857,4708.428571,1446.857143,1078.714286,132.7142857,3.3,3.2,2.6,2.5
2822.857143,651.7142857,4261.142857,1428,1199.142857,136.5714286,4000.428571,1569.142857,104.2857143,1409,4304.571429,1377.857143,1091.714286,142.5714286,3.2,2.6,2.5,2.5
2545.714286,534.1428571,4389.571429,1309.142857,1257.857143,159.1428571,3494.142857,1461.285714,92,1354.142857,3915.428571,1204.285714,967.7142857,115.8571429,2.6,2.5,2.5,2.4
2380.142857,489.7142857,4473.857143,1193,1229.285714,145,3079.857143,1394.714286,109.8571429,1262,2630.571429,1170.428571,913.2857143,123.8571429,2.5,2.5,2.4,2.6
2247,468.2857143,4514.714286,1104.714286,1572.428571,136.4285714,2845,1350.857143,95,1332.714286,2643,1130.142857,807.1428571,96.28571429,2.5,2.4,2.6,2.3
2113.714286,549,4165.428571,1091.857143,1363.285714,112.2857143,2767,1328.285714,91.57142857,1410.285714,2469.571429,1132.285714,748.7142857,91.42857143,2.4,2.6,2.3,2.3
2034,454.8571429,3972.857143,1070.428571,1275.857143,96.57142857,2643.142857,1296.142857,73.57142857,1312.857143,2363.142857,1133.857143,695,80.57142857,2.6,2.3,2.3,2.4
1851,472.7142857,3457.571429,1024.571429,975.2857143,92.28571429,2397.571429,1377.428571,38,1252.285714,2184.571429,1179.428571,625.1428571,108.1428571,2.3,2.3,2.4,2.4
1994.285714,444.2857143,2778.857143,999.7142857,573.2857143,102.5714286,2199.428571,1558,62.57142857,1218.857143,2697.285714,1042.142857,554.8571429,27,2.3,2.4,2.4,2.3
2062.285714,411.1428571,2678.857143,995.4285714,533.8571429,92.42857143,2062.857143,1623,29.14285714,1234.571429,2369.571429,1050.571429,517,17.71428571,2.4,2.4,2.3,2.2
1715.571429,392.2857143,2660.857143,999.7142857,499.7142857,87.14285714,1953.857143,1439.857143,45.71428571,1208.714286,2259.714286,1063.142857,512.5714286,8.714285714,2.4,2.3,2.2,2.3
1468,314.2857143,2591.714286,989.7142857,496.4285714,82.57142857,1783.142857,1525,18.28571429,1245.285714,2300.857143,1065.142857,524.2857143,25.28571429,2.3,2.2,2.3,2.2
1518.428571,312,2534.571429,1001.571429,441.7142857,56.71428571,1717.428571,1547.428571,26.71428571,1239.571429,2411,1045.142857,490,51.71428571,2.2,2.3,2.2,2.1
1459.571429,273,2750.714286,1014.571429,382.1428571,58.42857143,1655.571429,1624.714286,34.85714286,1235.428571,2407,1051.428571,474,35.57142857,2.3,2.2,2.1,2.1
1592.142857,292.4285714,2455.142857,1030.857143,359,92.57142857,1627.142857,1667.285714,26.14285714,1280.285714,2805.428571,1067.285714,444.8571429,43.28571429,2.2,2.1,2.1,2
1740.857143,329.7142857,2381.714286,1081.285714,342.5714286,93.28571429,1574.142857,1316.857143,35.71428571,1273.857143,2882.714286,1053.285714,479,51.42857143,2.1,2.1,2,2
1577.857143,346.8571429,2251.714286,1291.857143,322.8571429,71.85714286,1484.571429,1184.857143,17.71428571,1243.714286,2875.142857,1056,424.5714286,54.71428571,2.1,2,2,2.1
1707.857143,356.2857143,2082.714286,1777.285714,363,95.28571429,1558.714286,1148,65.85714286,1207.285714,2960.285714,1065,554.2857143,112.1428571,2,2,2.1,2.3
1753.428571,323.8571429,2196.857143,1287.428571,382.2857143,114.2857143,1644.142857,1145.428571,47.71428571,1230.857143,3170.285714,1067.142857,666.8571429,81.71428571,2,2.1,2.3,2.2
3140,363,2419.142857,1223.714286,471.8571429,88.28571429,1922.428571,1296.571429,82.85714286,1419.285714,3989.857143,1117.285714,692.8571429,112,2.1,2.3,2.2,2.3
2086.571429,395.5714286,2402.428571,1300.428571,614.7142857,76.57142857,2086.714286,1620.571429,119,1496.428571,4116.285714,1166.857143,785.7142857,109.4285714,2.3,2.2,2.3,2.9
1637.428571,298,2039.428571,1112.714286,394.5714286,55.57142857,1799,1583.714286,44.57142857,1211.285714,2800.428571,1012.428571,498.1428571,45.14285714,2.2,2.3,2.9,2.2
1808.714286,381.8571429,2054.571429,1154.714286,464.1428571,66.42857143,1730,1378.428571,65.85714286,1313.142857,3066.714286,1062,592.7142857,113.7142857,2.3,2.9,2.2,2.4
2168.428571,398.5714286,1992.714286,1457.428571,537.7142857,79.71428571,1857.428571,1158.285714,106.7142857,1285.571429,3124.142857,1035.142857,810.1428571,138.8571429,2.9,2.2,2.4,2.4
3234.142857,424.2857143,2031.142857,1975.714286,703.4285714,87.85714286,1973.428571,1154.857143,105,1302.571429,3281.571429,1054.714286,839.1428571,149.2857143,2.2,2.4,2.4,2.5
2743.857143,453.2857143,2172.285714,1781.142857,925,98.42857143,2092.428571,1142.285714,101.2857143,1444.428571,3438.285714,1088.428571,1014.714286,159.5714286,2.4,2.4,2.5,2.5
2530.571429,422.4285714,2201.142857,1512.857143,987.7142857,101.2857143,2220.857143,1157.285714,118.7142857,2603.285714,3425.857143,1090,1055.428571,162.7142857,2.4,2.5,2.5,2.6
3137.714286,463.5714286,2209.142857,1499.428571,1430.714286,150.7142857,2542.142857,1186.714286,113.4285714,1746.142857,3542.142857,1123.428571,1214.428571,169.7142857,2.5,2.5,2.6,2.9
2889.142857,466.7142857,2270.142857,1502.714286,1828.714286,203.2857143,2957.857143,1182,124.8571429,1485.285714,3596.142857,1139.571429,1776.571429,172.1428571,2.5,2.6,2.9,3.3
3084,515.5714286,2465.714286,1555.714286,2336,292,3768.142857,1177.285714,140.7142857,1444.857143,3755,1150.571429,2843.714286,200,2.6,2.9,3.3,3.7
4296.428571,616.7142857,2746.142857,1862,4037,489.5714286,5956.142857,1217.714286,172.7142857,1591.285714,4535.571429,1250.428571,5758.857143,241.2857143,2.9,3.3,3.7,4.7
7567.285714,830.8571429,3361.714286,2015.714286,8161.571429,754.2857143,10927.57143,1304.571429,220.1428571,1818.285714,4992.857143,1616.714286,10198.42857,342,3.3,3.7,4.7,5.3
11259.71429,1067,3729.285714,1930,14046.57143,856.1428571,15850.57143,1373.285714,266.7142857,1927,5233,1837,11098.42857,475.5714286,3.7,4.7,5.3,5.5
11946.57143,1071.142857,4103,1778.714286,17373.28571,897.2857143,18395.14286,1336.428571,296.1428571,2085.571429,5169.857143,2090.428571,12131.71429,435.5714286,4.7,5.3,5.5,5.9
12594.28571,1067.714286,4214.857143,1600.428571,16994,773.1428571,19407.28571,1343.428571,273.7142857,2224.714286,4902.571429,2263.142857,11346.28571,338.7142857,5.3,5.5,5.9,5.3
8627.571429,949,3754.571429,1438.285714,13066.42857,557.7142857,16809.71429,1369.857143,246.5714286,2162.142857,4322.428571,2057.714286,8947.714286,276.5714286,5.5,5.9,5.3,4.5
6175.428571,761.8571429,3351.285714,1349.714286,7873.142857,393.7142857,12260.57143,1235.857143,193,2093.714286,3839.428571,1844,6048.714286,195,5.9,5.3,4.5,6.8
45609.14286,3418.142857,7737.142857,2449.714286,12009.85714,302,36370.42857,1632,193.8571429,2695,6571.857143,2481,9047.714286,286.5714286,5.3,4.5,6.8,8.5
28908.42857,2447,8825.571429,3441.142857,6921.428571,186,19390.85714,2019.857143,185.2857143,2466.714286,6304.142857,1861.285714,4263.142857,130.1428571,4.5,6.8,8.5,6.4
24084.71429,2196.285714,5992,2450,2941,123.1428571,13121,1965.428571,141.1428571,1690.428571,4179,1193.142857,2588,134,6.8,8.5,6.4,5.4
19295.14286,1792.285714,4289.714286,1761.714286,1694.428571,105.8571429,6616.428571,1760.142857,125.4285714,1258.428571,3246.714286,1041.285714,1438.142857,89.28571429,8.5,6.4,5.4,4.4
12892.85714,1813,3076.142857,1465.285714,1156.142857,93.71428571,3763.857143,1498.285714,114,1111.142857,2632.285714,937.8571429,1272.571429,104,6.4,5.4,4.4,3.5
11200.85714,1576.571429,2758.428571,1224.142857,1107.285714,94.57142857,3106.714286,1301.428571,103,1078.714286,2189.714286,784.5714286,1168.714286,109,5.4,4.4,3.5,2.8
6062.857143,1252.285714,2117.714286,1104.571429,938.7142857,89.85714286,2380.428571,1146.714286,80.85714286,1041,1854.428571,653.5714286,1181,98.42857143,4.4,3.5,2.8,2.5
4135.428571,1129.285714,1854.714286,1058.285714,862.8571429,94.57142857,2518.428571,1088.714286,63.71428571,985.1428571,1742.857143,607.4285714,1118.428571,87.85714286,3.5,2.8,2.5,2.4
3001,931.8571429,1823.285714,1221.857143,784.5714286,55.28571429,2275.571429,1056.571429,69.14285714,1089.142857,1760.857143,571.7142857,867.2857143,97,2.8,2.5,2.4,2.3
2880.285714,854,1723.714286,1030,624,27.57142857,1910.285714,1042.142857,61,1096,1724.714286,506,781.7142857,35.14285714,2.5,2.4,2.3,2.1
2715,712.7142857,1647.714286,982.5714286,565,8.714285714,1565.857143,1042.714286,42.71428571,1030.571429,1628.285714,471.5714286,660.7142857,44.14285714,2.4,2.3,2.1,1.9
2056.571429,649.4285714,1597.285714,984.5714286,587.8571429,8.714285714,1431.714286,1006.285714,54.14285714,982.1428571,1523.857143,440.4285714,530.5714286,44.14285714,2.3,2.1,1.9,1.9
1698.857143,589.2857143,1598.714286,984.2857143,524.4285714,8.714285714,1389.571429,996.1428571,61.85714286,1134.428571,1513.571429,463.1428571,446.4285714,52.28571429,2.1,1.9,1.9,1.8
1665.571429,580.5714286,1562.571429,961.4285714,483.7142857,17.14285714,1309.142857,981.7142857,69.85714286,970.1428571,1549.571429,462.1428571,440.2857143,62.14285714,1.9,1.9,1.8,1.9
1561,461.4285714,1473.714286,971.1428571,470.2857143,8.428571429,1208.857143,943.2857143,52.42857143,816.1428571,1380.142857,451.7142857,391.1428571,35,1.9,1.8,1.9,1.9
1697.714286,454,1544,897.7142857,452.4285714,8.428571429,1207.714286,912.5714286,63.57142857,838.7142857,1430.571429,475,387.4285714,26.57142857,1.8,1.9,1.9,1.9
1511.857143,484.7142857,1675.285714,971.8571429,556.2857143,8.428571429,1279.714286,973.2857143,54.57142857,914.7142857,1661.285714,557.2857143,403,70,1.9,1.9,1.9,1.9
1430.857143,433,1639.714286,989.5714286,648.1428571,26.14285714,1292.857143,989.5714286,35.71428571,947.7142857,1867.571429,687,395.1428571,62,1.9,1.9,1.9,1.9
1443.714286,429.5714286,1671.142857,1035,657,18.14285714,1352.428571,1004,8.428571429,1035.142857,2253,823.1428571,366.1428571,34.57142857,1.9,1.9,1.9,
1356.428571,413.5714286,1754.428571,1048.142857,568.5714286,8.714285714,1384.285714,1012.142857,17.42857143,1078.428571,2437.142857,943.1428571,339.8571429,25.57142857,1.9,1.9,,2.2
1330.714286,380.1428571,1780.428571,1041.285714,521.7142857,25.57142857,1397.571429,1018.714286,52.57142857,1112.857143,2624,981.5714286,360.2857143,71,1.9,,2.2,2.4
1525.428571,450.2857143,1968.571429,1055.857143,541.8571429,8.428571429,1478.571429,1047.857143,25.28571429,1159,2813.571429,1008.285714,431.1428571,42.42857143,,2.2,2.4,2
1396.571429,414.7142857,1775.428571,1021,427.2857143,8.428571429,1477.571429,1031.142857,9,1110.714286,2796,949.7142857,347.7142857,52,2.2,2.4,2,1.9
1627.857143,526,1703.285714,1021.142857,391.7142857,25.85714286,1875,1037.571429,26,1139.142857,3075,934.1428571,369.7142857,26.14285714,2.4,2,1.9,2.2
1438.142857,434.7142857,1548.142857,1006.428571,368,34.28571429,1499.714286,1022.571429,8.428571429,1099,2273,910.8571429,329.8571429,34,2,1.9,2.2,1.8
1585.857143,449.8571429,1469.571429,1000.714286,363.7142857,17.42857143,1406.857143,1009.857143,25.85714286,1106.857143,2373.285714,955,308.8571429,8.714285714,1.9,2.2,1.8,2
1356.285714,380.2857143,1405.714286,1088.285714,384.7142857,34.28571429,1546.857143,1015.428571,16.85714286,1103.428571,2745.571429,969.8571429,301.4285714,34,2.2,1.8,2,
1549.571429,413.2857143,1536.857143,1083.285714,336.4285714,42.85714286,1535,1016.428571,53.28571429,1100.571429,2467.571429,1005.857143,321.5714286,9,1.8,2,,1.9
1593.857143,425,1602.428571,1074.142857,318.8571429,17.14285714,1472,1003.142857,16.85714286,1096,2563.857143,992.7142857,307.5714286,25.28571429,2,,1.9,1.9
1398.714286,447.8571429,1640.571429,1090.714286,376.7142857,34.28571429,1359.857143,1024.571429,17.14285714,1108.714286,2529.714286,985.5714286,327.8571429,51.14285714,,1.9,1.9,1.7
1352.857143,455.1428571,1725.714286,1138.285714,355.4285714,43,1365.571429,1039.714286,43.14285714,1094.428571,2955.285714,987.1428571,324.4285714,52.85714286,1.9,1.9,1.7,1.8
1611.142857,488.7142857,1744.714286,1116.142857,373.7142857,42.71428571,1450,1018.142857,26.14285714,1100.285714,2505.857143,1007.714286,311.8571429,87.28571429,1.9,1.7,1.8,
1510.285714,459.5714286,1955.857143,1197.571429,434.5714286,25.28571429,1601.571429,1029,8.428571429,1136.714286,2615,1020,345.7142857,100.7142857,1.7,1.8,,2
1779.285714,509.2857143,2152.142857,1276.714286,384,34,1962.285714,1073,52,1173.428571,3125.428571,1092.142857,455.7142857,119,1.8,,2,2.1
2226.142857,482.4285714,2036,1423.428571,543.7142857,43.57142857,2248.142857,1096.142857,44.14285714,1292.285714,4769.142857,1117,449.1428571,135.8571429,,2,2.1,2.2
2571.571429,547.4285714,2078,1652.857143,941.1428571,27.71428571,2382,1129.142857,81.14285714,1516.142857,5924.714286,1187,495.1428571,131.1428571,2,2.1,2.2,2.5
2019.285714,437,1810.857143,1435.142857,579.5714286,17.42857143,2094.142857,1090.285714,25.85714286,1434.428571,4339.857143,1087.571429,390.5714286,110,2.1,2.2,2.5,2.4
2032.285714,479.8571429,1984.571429,1558.428571,590.7142857,34.28571429,2055.285714,1118,89,1504.571429,4767.142857,1102,381.7142857,117.1428571,2.2,2.5,2.4,2.2
2358,552.4285714,1721.142857,1544.142857,723.2857143,42.71428571,2280.571429,1126.285714,90.42857143,1400,4349.714286,1112.142857,466.4285714,146.2857143,2.5,2.4,2.2,2.3
2101.142857,510.4285714,1688.142857,1631.714286,760.2857143,52.57142857,2133.571429,1119.285714,100,1365.714286,3874,1093.428571,443.5714286,151.8571429,2.4,2.2,2.3,2.4
2040.428571,536,1659.142857,1541.857143,603.7142857,61.42857143,2120.142857,1113.285714,98.71428571,1311.428571,3905.571429,1083.571429,497,149.7142857,2.2,2.3,2.4,2.5
1875.857143,485.1428571,1634.571429,1558.857143,595.7142857,73.28571429,2126.142857,1106.285714,99.71428571,1312.285714,3493.285714,1083.428571,479.8571429,151.5714286,2.3,2.4,2.5,2.5
1870.142857,511.7142857,2270.142857,1537.857143,547.1428571,44.71428571,2187.857143,1134.857143,73.57142857,1357.142857,3836.714286,1107.571429,464.1428571,142.2857143,2.4,2.5,2.5,
1877,565.7142857,2304,1321.428571,570,27,2148.285714,1274.142857,80.71428571,1284.857143,3751.428571,1087,479.5714286,145.7142857,2.5,2.5,,2.4
2252.857143,578.4285714,2050.571429,1281.571429,564,51.71428571,2097.857143,1204.142857,81.42857143,1257.428571,3324,1039.857143,565.8571429,144.2857143,2.5,,2.4,2.6
2081.142857,543.1428571,2026.428571,1524.714286,461.2857143,72.28571429,2057.857143,1070.428571,79.57142857,1236.571429,3696,1067.142857,452.8571429,131.8571429,,2.4,2.6,2.7
1901.428571,542,2374.714286,1734.285714,476.5714286,17.42857143,2307.285714,1100.428571,73.42857143,1341.571429,4250.857143,1117.428571,481.7142857,139.7142857,2.4,2.6,2.7,2.8
1827.571429,517.1428571,2188.285714,1727.857143,449,63.57142857,2256.571429,1089.571429,52,1386.714286,4185.142857,1115.428571,468.1428571,130.4285714,2.6,2.7,2.8,2.9
1834.571429,589.1428571,2305.857143,2062.857143,463.5714286,72.14285714,2487.285714,1112.571429,99.42857143,1498.857143,4346.714286,1176.428571,568.1428571,126.7142857,2.7,2.8,2.9,3.1
1497.142857,489.4285714,2156.428571,1933.428571,391.8571429,54,2210.571429,1095.142857,71,1444.571429,4445.428571,1105.142857,463.1428571,107.7142857,2.8,2.9,3.1,2.5
1647.285714,518.7142857,2452,2084.714286,402.2857143,44.42857143,2407.428571,1118.857143,71,1621.285714,5064.714286,1139.428571,475.5714286,102,2.9,3.1,2.5,2.7
1585.428571,511,2689.571429,2299.285714,391.5714286,62.57142857,2585.714286,1159.714286,90,1688.571429,5036.285714,1129.428571,455.4285714,108.5714286,3.1,2.5,2.7,2.6
1436,458.1428571,2548.857143,2261,347.1428571,26.42857143,2219.714286,1155.714286,44.71428571,1467,4608,1114.571429,423.4285714,71.71428571,2.5,2.7,2.6,2.4
1242,394.7142857,1786.571429,1819.285714,280.5714286,52.57142857,1830.857143,1136.142857,70.85714286,1290.714286,3827.857143,1054,355.4285714,62.28571429,2.7,2.6,2.4,2
1164.714286,334.1428571,1143,1428.428571,245.5714286,17.42857143,1509,1091.285714,17.14285714,1148.857143,2881.857143,956.2857143,320.8571429,8.428571429,2.6,2.4,2,2.6
995.2857143,256.1428571,680,1091.571429,166.5714286,25.57142857,1134.142857,989.1428571,34.57142857,996.2857143,1928.428571,695.4285714,232.8571429,42.71428571,2.4,2,2.6,2.7
1020.285714,296.4285714,1112.428571,1191.714286,184.4285714,26.14285714,1225.428571,1019.857143,35.57142857,1041.857143,2411.714286,790.2857143,255.4285714,57.57142857,2,2.6,2.7,1.7
1086,315,1053.714286,1165.285714,170.5714286,25.28571429,1140.428571,1057.428571,25.28571429,1041.571429,2474.428571,758,263.4285714,95.42857143,2.6,2.7,1.7,1.6
977.8571429,313.4285714,957.1428571,1107.142857,198.8571429,26.42857143,1085.571429,1037,9,1049,2392.571429,690.1428571,266.5714286,105.2857143,2.7,1.7,1.6,1.8
1000.571429,318,1083.857143,1234.285714,191.5714286,35.42857143,1174.428571,1040.428571,34.85714286,1072,3081.857143,820.5714286,275.8571429,105.7142857,1.7,1.6,1.8,1.9
1108.714286,382.1428571,1215.142857,1414.857143,218.1428571,0,1316.142857,1051.571429,52.28571429,1141.857143,4589.428571,1013.714286,302,126,1.6,1.8,1.9,2.1
1130.142857,353.5714286,1446.857143,1740.142857,255.2857143,17.71428571,1407.142857,1082,27.85714286,1247.428571,5458.285714,1078.428571,309.4285714,105,1.8,1.9,2.1,2.2
1120.142857,356.8571429,1572.571429,1658.285714,236,26.85714286,1563.428571,1178.285714,9.285714286,1213.428571,5050.857143,1083.571429,310,108,1.9,2.1,2.2,2.1
1122.857143,405.7142857,1911.428571,1758.285714,233.2857143,27,1505.714286,1182.857143,19.28571429,1310.428571,5485.285714,1095.428571,309.8571429,70.14285714,2.1,2.2,2.1,2.2
1148.714286,364.8571429,1643.142857,1782.142857,229.1428571,44.71428571,1584.142857,1276.142857,45,1300,5406.714286,1135,322.5714286,99.42857143,2.2,2.1,2.2,2.3
1153.142857,369.4285714,1899.428571,1671.857143,260.8571429,48.14285714,1738.285714,1262.571429,55.14285714,1331.142857,5138.714286,1132.714286,352.4285714,100.7142857,2.1,2.2,2.3,2.4
1136.428571,354.5714286,1929.285714,1322.142857,238.2857143,29.42857143,1572.285714,1148,27,1212.142857,4324,1049.571429,327.4285714,81,2.2,2.3,2.4,2.5
1056.857143,344.4285714,2243.142857,1268.571429,196.5714286,9.428571429,1458,1103.142857,9.428571429,1208.285714,3984.857143,1017.285714,310.4285714,78.71428571,2.3,2.4,2.5,2.4
1085.428571,356.8571429,2214,1114.571429,219,18.57142857,1637.714286,1127.714286,27.28571429,1174.857143,3410,996.2857143,330.7142857,72.42857143,2.4,2.5,2.4,2.7
1076.428571,382.7142857,2237.571429,1091.714286,199.8571429,36.57142857,1745.428571,1118.285714,36,1153.285714,3067.285714,1000.285714,341.2857143,54.85714286,2.5,2.4,2.7,2.8
1071.714286,400.1428571,2294,1105.142857,211,47.71428571,1656.714286,1144,34.57142857,1165.285714,2998.428571,1023.428571,366,71,2.4,2.7,2.8,3
1140,399.1428571,2232.428571,1081.571429,201.8571429,19,1624.285714,1147.428571,35.42857143,1247.285714,2776.285714,1001.857143,401.5714286,65.57142857,2.7,2.8,3,3.1
1080.857143,354.4285714,2359.285714,1046.857143,194.2857143,29,1632.285714,1101.714286,9.285714286,1160.285714,2746.285714,983.1428571,350.1428571,8.714285714,2.8,3,3.1,2.9
997,354,2363.714286,1004.428571,154.7142857,9.857142857,1450.428571,1070.142857,8.714285714,1129,2550,923.5714286,323.2857143,17.85714286,3,3.1,2.9,2.7
1004.857143,374.5714286,2275.714286,1008.714286,247.7142857,47.71428571,1771.857143,1216.428571,8.428571429,1174.428571,2545.571429,961.7142857,311.2857143,17.85714286,3.1,2.9,2.7,2.6
882.1428571,313.4285714,2265,978.4285714,140.1428571,27.71428571,1615,1069.571429,17.71428571,1135.428571,2166.571429,894.7142857,289.1428571,8.714285714,2.9,2.7,2.6,2.4
850.5714286,308.7142857,2125.285714,978,146.2857143,17.71428571,1594.285714,1065,0,1121.714286,2100.857143,871.2857143,286.8571429,8.428571429,2.7,2.6,2.4,2.4
963.2857143,288.8571429,2284.857143,1010,142.4285714,34.57142857,1430.571429,1058.142857,0,1134.714286,2246.714286,880.4285714,272.7142857,0,2.6,2.4,2.4,2.4
919.5714286,284.2857143,2433.285714,1006.857143,196.4285714,17.71428571,1343.285714,1054.428571,0,1139,2292.428571,936,273.7142857,0,2.4,2.4,2.4,2.4
1095.428571,403.4285714,2476.142857,1063,198,0,1135.714286,1054.428571,8.714285714,1147,2475.428571,958.4285714,311,8.714285714,2.4,2.4,2.4,2.3
1180.428571,465.7142857,2732.142857,1144.571429,209.7142857,0,1174.571429,1080.571429,8.428571429,1148.428571,2773.428571,967.5714286,317.2857143,17.42857143,2.4,2.4,2.3,2.2
1202.571429,486.5714286,2273,1067.857143,172.7142857,0,1976.571429,1080.571429,35.42857143,1134.142857,2565.857143,858.2857143,300.4285714,34,2.4,2.3,2.2,2
1102.714286,363,1857.142857,1065.142857,205.7142857,0,1583.142857,1087.142857,8.428571429,1131.857143,2387.714286,816.7142857,288.4285714,17.42857143,2.3,2.2,2,1.7
1069,334.4285714,1644.142857,1081.571429,173.8571429,0,1363.857143,1084.428571,35.71428571,1119.714286,2470.285714,793.2857143,267.4285714,28.28571429,2.2,2,1.7,1.6
1083,326.7142857,1564.285714,1055.428571,191,0,1725.857143,1070.142857,18,1106.285714,2282.285714,820.1428571,284.4285714,53.85714286,2,1.7,1.6,1.8
1102.714286,354.8571429,1398.714286,1097.142857,224.7142857,0,1648.714286,1076.285714,18,1141,2664.571429,941.1428571,319.7142857,61.57142857,1.7,1.6,1.8,2.1
1213.571429,393.2857143,1432.428571,1165.285714,259.5714286,17.42857143,2145.857143,1097.714286,64.28571429,1212.714286,3464.857143,1024.285714,342.4285714,63.42857143,1.6,1.8,2.1,2.2
1302,381.7142857,2308.857143,1271.285714,302.7142857,8.714285714,2683.285714,1125.714286,47.42857143,1375.571429,4555.142857,1087.714286,347,72.71428571,1.8,2.1,2.2,2.2
1260,386.5714286,1968.428571,1181.857143,305,0,2197.571429,1154.285714,46.42857143,1384.857143,4367.285714,1068.428571,344.5714286,55.71428571,2.1,2.2,2.2,2.2
1200.428571,353.1428571,2101.714286,1203.857143,392.8571429,0,2274.714286,1150.714286,46.42857143,1415.857143,4620.857143,1051.714286,274.8571429,74,2.2,2.2,2.2,2
1284.285714,406.5714286,1504,1247.714286,475.2857143,0,2222,1140.571429,75.85714286,1377.428571,4373.571429,1056.428571,307.5714286,121.1428571,2.2,2.2,2,2.3
1541.714286,455.5714286,1824.428571,1563.428571,407.1428571,9,2540.857143,1185.714286,74.14285714,1511.571429,4745.571429,1085.714286,342,121.8571429,2.2,2,2.3,2.6
1820,514.7142857,2732.285714,1805.714286,476.4285714,18.85714286,2888.857143,1290.714286,77.28571429,1657.428571,5250.142857,1169.571429,403.7142857,146,2,2.3,2.6,2.6
1954.428571,515.2857143,2469.714286,1745,1396,27.42857143,3146.714286,1302.857143,89,1688,5297.571429,1148.285714,398,128.4285714,2.3,2.6,2.6,2.7
1525.714286,464.8571429,2239,1615.285714,1014.428571,35.14285714,2808.285714,1251.428571,77.42857143,1653.857143,4980,1089.428571,349.8571429,115.5714286,2.6,2.6,2.7,2.8
1565.428571,470.8571429,2438.857143,1493,1126,18.71428571,2980.857143,1299.571429,77,1565.142857,4356,1112.714286,384.2857143,110.8571429,2.6,2.7,2.8,2.8
1500.571429,486.5714286,2403.142857,1502.142857,1107,44.14285714,3132.285714,1318.714286,79.42857143,1532,4082.285714,1105.714286,397.8571429,129.1428571,2.7,2.8,2.8,3
1737.571429,564.8571429,2727.571429,1574.285714,1298,29.14285714,3721.142857,1282.857143,86.14285714,1500.285714,4620.857143,1151.571429,460.2857143,115.2857143,2.8,2.8,3,3.3
2189,631.8571429,3105.571429,1618.857143,1763.428571,67.42857143,5105.571429,1375.285714,96.14285714,1616,5003.857143,1292.285714,529.7142857,141.8571429,2.8,3,3.3,
2478,711.5714286,3818,1544.571429,1039.285714,58.28571429,5982.571429,1383.142857,116.4285714,1619.857143,5145.857143,1342.857143,594.1428571,149.7142857,3,3.3,,3.9
2445.428571,653.8571429,3308.428571,1542.571429,980.1428571,74,7299.142857,1426.428571,97.85714286,1629.428571,5142,1383.142857,634,120.8571429,3.3,,3.9,4.1
2382.571429,620.4285714,3757,1601.142857,970.8571429,72.14285714,8726.571429,1318.571429,101.2857143,1737.571429,5290.714286,1510.428571,663.7142857,119.2857143,,3.9,4.1,4
2972.857143,762.5714286,4785.285714,1787,984.8571429,74.57142857,11317.85714,1533.571429,120.5714286,1978.428571,6051.285714,1907.428571,797.4285714,118.2857143,3.9,4.1,4,3.7
2647.285714,716.5714286,4289,1739.285714,974.7142857,70.71428571,9767.285714,1452,120.4285714,2006.142857,5589.142857,1738.857143,748.5714286,107.1428571,4.1,4,3.7,3.1
1985.571429,567.1428571,3780.714286,1581.428571,744.2857143,82.57142857,7432.285714,1369.142857,92.57142857,1724.428571,4966.428571,1543.714286,601,76.28571429,4,3.7,3.1,2.6
1477.714286,462.2857143,3796.714286,1290.142857,502.7142857,9,5791,1278.714286,84.14285714,1570.142857,4092.142857,1263.714286,468.5714286,63.42857143,3.7,3.1,2.6,3.5
1134.714286,316.5714286,3157.285714,1132.714286,371.5714286,9,3845.285714,1072.142857,48,1201.285714,3309.571429,1056.428571,325,0,3.1,2.6,3.5,2.2
1251.857143,415.4285714,3766.857143,1425.571429,403,27.14285714,4303,1291.714286,64,1410.285714,4337.571429,1227.428571,363,36.85714286,2.6,3.5,2.2,1.9
1240.142857,422.2857143,3434.714286,1266,317,26.42857143,3695.714286,1239.142857,54.14285714,1334,4071.142857,1150.428571,353.4285714,65.28571429,3.5,2.2,1.9,1.9
1285.571429,417,3485.428571,1264.428571,410.8571429,9,3877.285714,1132.571429,66.71428571,1310.857143,4000.285714,1144.857143,405.7142857,114.5714286,2.2,1.9,1.9,2.2
1606.857143,462.1428571,3781.285714,1318.857143,511,36.28571429,4662.857143,1210.714286,70.57142857,1391.285714,4460.285714,1218.428571,492.2857143,124.8571429,1.9,1.9,2.2,2.5
1764.714286,564.5714286,4403.571429,1379.571429,521.8571429,29.42857143,5006,1238.142857,70.14285714,1402.857143,4954.714286,1227.571429,504.2857143,127.8571429,1.9,2.2,2.5,2.4
1956.285714,685.1428571,4162.428571,1317.142857,490.8571429,17.71428571,4542.714286,1281.714286,83.14285714,1327.142857,4872.285714,1108,519.8571429,95.85714286,2.2,2.5,2.4,2.2
1587.428571,552.4285714,3860.285714,1195.428571,350.8571429,17.42857143,3341.857143,1226.428571,73.14285714,1251.571429,4283.428571,1033.857143,432.1428571,93.57142857,2.5,2.4,2.2,2
1611.714286,685.4285714,3438.142857,1225,335.8571429,9.285714286,3008.428571,1177.857143,75,1347.571429,3917.714286,1026,460.8571429,47.14285714,2.4,2.2,2,2.2
1925.857143,673.4285714,3849,1339.857143,344.7142857,0,2552.714286,1145.714286,27.71428571,1446,3815.714286,1012,423,45,2.2,2,2.2,
,,,,,,,,,,,,,,2,2.2,,
,,,,,,,,,,,,,,2.2,,,
