a1,a2,a3,a4,a5,a6,a7,a8,a9,a10,a11,a12,a13,a14,a15,a16,t-3,t-2,t-1,t
5938.714286,472.2857143,2507.428571,458.7142857,2169.571429,290.7142857,921.5714286,6443.142857,1809.142857,1593.714286,766.2857143,1220,207.4285714,1251.714286,242.8571429,1326.571429,2.5,2.7,2.7,2.6
2522,294.8571429,2460,401.1428571,1374.428571,230.2857143,532.1428571,2479.285714,1602.571429,553.5714286,561,1060.714286,161.1428571,1129.857143,152.8571429,1141.142857,2.7,2.7,2.6,2.7
1705.571429,237.4285714,2284,378.2857143,798.4285714,217.5714286,361.8571429,1539,1494.428571,301.2857143,547.8571429,927.2857143,146,1041.285714,111.4285714,993.2857143,2.7,2.6,2.7,2.6
993,177.2857143,1895.571429,348.1428571,432.4285714,176.7142857,222.5714286,806.8571429,1247.857143,200.1428571,393.7142857,701.5714286,84.71428571,768,62.71428571,735.4285714,2.6,2.7,2.6,3.1
999.7142857,183.5714286,2136.714286,363.8571429,390.2857143,169,191.2857143,627,1057.285714,166.2857143,387.8571429,696.8571429,79.85714286,770.5714286,68.28571429,847,2.7,2.6,3.1,2.5
1268.142857,214,2216.571429,388.7142857,401.7142857,190.4285714,201,822.2857143,1361.571429,176.2857143,437.5714286,831.1428571,70.85714286,969,93.42857143,1058.428571,2.6,3.1,2.5,2.4
1249.714286,220.1428571,2223.714286,375,398.5714286,179.7142857,181.7142857,676.5714286,1109.857143,134.5714286,471.4285714,822.5714286,62.14285714,955.1428571,113.8571429,1101,3.1,2.5,2.4,2.7
1179.714286,219,2335,391,442.7142857,183.1428571,209.7142857,530.2857143,1394.571429,149.4285714,565.2857143,857.4285714,88.57142857,1006.571429,117.2857143,1092.714286,2.5,2.4,2.7,2.6
975,231.4285714,2265.857143,384.5714286,408.2857143,173.5714286,195.5714286,581,1231.714286,149.4285714,544.2857143,918.8571429,71.28571429,1024.571429,103,1180.428571,2.4,2.7,2.6,2.6
998.1428571,232.4285714,2227.571429,374.4285714,424.4285714,174.8571429,205,626.8571429,1252.571429,137.4285714,511.2857143,945.1428571,72.57142857,1013.142857,98.85714286,1126.142857,2.7,2.6,2.6,2.6
1122.571429,282.1428571,2175.857143,364.1428571,445,186.2857143,193.2857143,547.2857143,1277.428571,118.8571429,466.8571429,900.2857143,68.85714286,1029.714286,96.85714286,1130.857143,2.6,2.6,2.6,3.2
13788.85714,1495.285714,2481,392.7142857,3066.285714,1193,404.2857143,2049,1732.857143,201.2857143,674.7142857,1066.571429,144.7142857,1172.285714,333.1428571,1219.285714,2.6,2.6,3.2,3.3
8443.571429,970.8571429,2616.428571,429.4285714,2703.571429,869.8571429,338,1521.428571,1586.428571,187.8571429,587,1200.714286,148.4285714,1390.714286,337.4285714,1364,2.6,3.2,3.3,3.4
5074.285714,581.4285714,2413.285714,396.5714286,2034.428571,730.2857143,266.5714286,1062.857143,1587.714286,160.4285714,495.1428571,1069.428571,126.7142857,1092.142857,246.7142857,1143.142857,3.2,3.3,3.4,3.2
2956.142857,398,2131.571429,364.4285714,1529.571429,403.7142857,204.4285714,680.8571429,1188.571429,150.1428571,418.2857143,939.4285714,118.4285714,1127,184.4285714,993,3.3,3.4,3.2,3.6
2050.571429,303.7142857,2207.428571,361.1428571,1030.285714,300.8571429,148,472.8571429,1104.857143,123.4285714,375.7142857,693.2857143,81,869.7142857,147,775.2857143,3.4,3.2,3.6,3
1526,286.8571429,2084.857143,367.5714286,692.5714286,251.5714286,104.5714286,446.2857143,1311.857143,71.85714286,381,677.2857143,72.14285714,842.5714286,136.8571429,725.5714286,3.2,3.6,3,3.3
1182.571429,297.1428571,2099.714286,340.4285714,435.8571429,228.2857143,78.42857143,362.8571429,1067.571429,76.28571429,359.7142857,573.7142857,76.57142857,732.5714286,121.2857143,640.1428571,3.6,3,3.3,3.3
789.8571429,268,2107.285714,355.7142857,339.4285714,201.8571429,94,302.8571429,860,84.42857143,363.7142857,531.1428571,42.28571429,701.4285714,107.7142857,595.5714286,3,3.3,3.3,3.5
638.5714286,252.7142857,2136.714286,387,298.8571429,180.5714286,96.28571429,261.8571429,952.8571429,80.57142857,341.2857143,527,51,676.1428571,94,602.1428571,3.3,3.3,3.5,3.5
607,255.2857143,2235.285714,407.7142857,348.1428571,181.2857143,107.8571429,280.2857143,1150.571429,97.71428571,374.8571429,548.4285714,60.71428571,787,60.42857143,603.8571429,3.3,3.5,3.5,3.7
536.2857143,216.7142857,2221.571429,413.7142857,354.7142857,165.2857143,100.2857143,243.2857143,993.8571429,85.42857143,357.4285714,532,60.14285714,765.1428571,34.42857143,606.1428571,3.5,3.5,3.7,3.4
433,226,2102.285714,386.5714286,326.1428571,175.2857143,96.85714286,238.2857143,1101,61.42857143,366.1428571,528.8571429,49.85714286,749.8571429,24.42857143,572.5714286,3.5,3.7,3.4,3.4
419.1428571,206.5714286,2133.857143,405.2857143,315.4285714,175.2857143,77.71428571,241.2857143,975.2857143,63.14285714,344,511.2857143,34.57142857,726.8571429,25.71428571,608.2857143,3.7,3.4,3.4,3.5
474.5714286,192.4285714,2207.857143,400.8571429,297.2857143,172.8571429,25.28571429,207,1173.571429,60.14285714,357,564.2857143,16.57142857,758.1428571,0,626.4285714,3.4,3.4,3.5,3.4
601.4285714,179.4285714,2237.428571,399.8571429,282.4285714,168.7142857,34.42857143,205.8571429,1054.428571,43.42857143,347.5714286,622,34.14285714,784.2857143,17.71428571,670.1428571,3.4,3.5,3.4,3.3
414.5714286,182,2258.571429,387.2857143,298.2857143,166.5714286,62.57142857,204.1428571,1096.142857,26.14285714,366.7142857,716.7142857,42.28571429,944.8571429,0,739.5714286,3.5,3.4,3.3,3.2
562,192.4285714,2391.285714,387,365,175.1428571,45.28571429,237.1428571,925.7142857,26.42857143,383.1428571,740.2857143,42.71428571,951.4285714,8.714285714,807.4285714,3.4,3.3,3.2,3.3
435.5714286,169.2857143,2396.428571,401.8571429,349.8571429,164.7142857,63.28571429,197.5714286,972.2857143,26.42857143,387.8571429,792.4285714,43.14285714,967,16.85714286,832.7142857,3.3,3.2,3.3,3.5
527.7142857,173.1428571,2351.428571,402,343,179.2857143,112.1428571,212.5714286,1141.857143,35.71428571,404.4285714,818.7142857,34.57142857,977.1428571,25.57142857,847.5714286,3.2,3.3,3.5,3.2
612.4285714,185.8571429,2435.285714,405.4285714,379.5714286,169.1428571,118,214.2857143,1389.714286,42.14285714,410.4285714,813.8571429,51,990.2857143,17.28571429,856.4285714,3.3,3.5,3.2,3.1
630.5714286,187.2857143,2445.285714,393.4285714,394.8571429,168.4285714,114.1428571,210.8571429,898.7142857,35.42857143,384.2857143,823.2857143,51.85714286,902.7142857,52,895.2857143,3.5,3.2,3.1,3
568.5714286,193.1428571,2334,375.8571429,349,168.5714286,131.5714286,218.5714286,1090.714286,51.28571429,388.4285714,805.4285714,45.14285714,886.8571429,51,899.5714286,3.2,3.1,3,3
586.7142857,229.1428571,2215.142857,360,351.2857143,166.7142857,113.8571429,214.2857143,997.1428571,42.42857143,387.4285714,947.4285714,60,923.7142857,80.14285714,997.5714286,3.1,3,3,3
627.1428571,222.8571429,2376.714286,388,374.4285714,175.4285714,127.7142857,229.4285714,1056,34.57142857,399.5714286,952.5714286,64.14285714,920.5714286,51.28571429,991.2857143,3,3,3,3.2
620.1428571,217.4285714,2341.714286,365.5714286,382.2857143,169,132.4285714,202.8571429,985.8571429,24.57142857,406.4285714,913.7142857,77.85714286,957.5714286,51.71428571,952.7142857,3,3,3.2,2.5
640,217,2099.571429,350.5714286,371.7142857,166,115,211.5714286,972,17.42857143,392.8571429,972.5714286,53.57142857,1043.142857,43.85714286,1085.857143,3,3.2,2.5,3
698.7142857,176.1428571,2302.285714,348.8571429,394,148,105.2857143,192.2857143,961.2857143,33.71428571,387.5714286,845.4285714,54,924.8571429,42.14285714,899.1428571,3.2,2.5,3,2.8
2457.428571,234.4285714,2328.714286,369.2857143,437,162.7142857,125.1428571,224.7142857,1107.714286,35,459.8571429,1014.714286,92.14285714,1070.857143,78.71428571,1036.285714,2.5,3,2.8,2.5
2443.571429,230.2857143,2038.428571,340.8571429,390.8571429,171.8571429,93.28571429,230.7142857,982.5714286,34.42857143,404.4285714,916.1428571,61.85714286,1082.714286,91.28571429,1033.714286,3,2.8,2.5,2.5
1910,251.8571429,2025.428571,324.5714286,357.2857143,178.7142857,109.2857143,227.5714286,852.1428571,43.85714286,452.2857143,996.4285714,71.42857143,1139.142857,98.85714286,1132.714286,2.8,2.5,2.5,2.7
1630.857143,244.5714286,2098.285714,342.8571429,336.7142857,161.8571429,106.7142857,212.5714286,843.7142857,42.71428571,460.2857143,963.2857143,81.14285714,1097.714286,87.85714286,1141.285714,2.5,2.5,2.7,2.6
1632.142857,246,2063.714286,341.4285714,366.4285714,166.7142857,132.2857143,219,848.8571429,59.71428571,432.8571429,981.7142857,84.14285714,1068,98.14285714,1114.571429,2.5,2.7,2.6,2.4
1479.428571,231.4285714,1987.714286,319.2857143,323,169.4285714,129.5714286,221.1428571,825.2857143,33.71428571,405.7142857,943.2857143,83.42857143,1026.857143,69.71428571,1064.142857,2.7,2.6,2.4,2.6
1612.857143,235.2857143,2083.428571,349.1428571,356,156.1428571,131.5714286,250.7142857,1074.857143,51.42857143,429.5714286,1038.571429,76.57142857,1112,71.28571429,1181.571429,2.6,2.4,2.6,2.5
1608.428571,243.7142857,2191.142857,347.8571429,369.1428571,153.4285714,149.7142857,274.4285714,1021.714286,70.28571429,410,1047.714286,62.85714286,1110.571429,106.7142857,1158.142857,2.4,2.6,2.5,2.9
1669.142857,299.4285714,2575.857143,398.2857143,373.1428571,176.4285714,169,324.7142857,1331.857143,84.14285714,591.5714286,1197.571429,115.2857143,1326,119,1297.714286,2.6,2.5,2.9,2.9
1719,291.7142857,2627.285714,411.5714286,344.5714286,202.2857143,219.4285714,344.4285714,1307.714286,105.4285714,557.2857143,1237.142857,103.7142857,1322.714286,123.8571429,1321.285714,2.5,2.9,2.9,3.1
2034.714286,373.7142857,2642.428571,419,439.1428571,243.2857143,250.1428571,459.7142857,1337.571429,88.28571429,529.4285714,1244,126.2857143,1286.571429,118.8571429,1263.285714,2.9,2.9,3.1,3.3
1937.285714,353.7142857,2985.857143,490.7142857,482.2857143,269.1428571,281.2857143,482.2857143,1403.285714,103.2857143,586.1428571,1302,118.4285714,1449.857143,95.85714286,1328,2.9,3.1,3.3,4
2217.428571,373.4285714,3887.142857,628.2857143,571.4285714,299.1428571,383.8571429,688,1648.285714,126.8571429,625.1428571,1335.428571,167.1428571,1565.285714,132,1334.285714,3.1,3.3,4,3.9
2984.857143,400.8571429,3893.714286,659.5714286,771,381.4285714,452.8571429,883.4285714,1801,133.2857143,659.4285714,1499.428571,178.1428571,1634.857143,138,1412.428571,3.3,4,3.9,3.6
2353.857143,360.5714286,3568.285714,619.5714286,618.5714286,412.2857143,426.7142857,1000.428571,1489.285714,122.8571429,697.7142857,1382.285714,161,1504.428571,104.2857143,1271.714286,4,3.9,3.6,3.4
2802.571429,397.8571429,3094.285714,549,879.8571429,509.7142857,459.1428571,1186.714286,1375.714286,161,655.5714286,1303.285714,155.1428571,1415.285714,125.2857143,1216.142857,3.9,3.6,3.4,4.3
2261.142857,283.8571429,2812,469.4285714,776.2857143,610.7142857,318.7142857,861.8571429,1344,104.5714286,503.1428571,952,135.1428571,1018.428571,65.71428571,809.4285714,3.6,3.4,4.3,3.5
1934.714286,276.8571429,2735.714286,427.1428571,536.7142857,349.2857143,240,538.5714286,1127.714286,70.85714286,493.8571429,938.5714286,84.71428571,974.4285714,60.71428571,860.4285714,3.4,4.3,3.5,2.7
1772.857143,243.4285714,2223.428571,383.5714286,430.5714286,341.8571429,186.5714286,466.8571429,840.5714286,72.85714286,485.8571429,959.1428571,72.14285714,961.7142857,87.14285714,949.2857143,4.3,3.5,2.7,2.6
1810.142857,262,2243,362.8571429,428.2857143,300.7142857,164.8571429,637.4285714,854.4285714,69.71428571,492.5714286,957,89.71428571,1028.428571,80.42857143,976.7142857,3.5,2.7,2.6,2.8
1676.714286,245.1428571,2396.428571,379.2857143,419.7142857,273.1428571,160.7142857,458.7142857,996.5714286,80.71428571,568.8571429,967.4285714,71.57142857,1059.428571,112.8571429,1006.142857,2.7,2.6,2.8,2.8
1537.571429,250.7142857,2396.428571,407.1428571,428.8571429,275.4285714,158.7142857,427.1428571,1117.285714,75,608.8571429,1137.714286,99,1129.285714,111,1142,2.6,2.8,2.8,2.9
1500.428571,254.7142857,2500.714286,397.8571429,426.7142857,272.8571429,175,386.8571429,1049.714286,80.42857143,662.4285714,1167.142857,92.71428571,1205.571429,108,1196,2.8,2.8,2.9,3
1361.428571,258.2857143,2656.285714,381.7142857,393.8571429,251.4285714,201.4285714,386.4285714,1059.571429,69.57142857,664.7142857,1164,77.28571429,1226.285714,88.14285714,1120.571429,2.8,2.9,3,3.1
1663.714286,252.7142857,2551.571429,417.1428571,340.1428571,250.2857143,189.2857143,316.5714286,954.2857143,66.85714286,622.7142857,1008.428571,83.71428571,1117.571429,79.14285714,936.7142857,2.9,3,3.1,3.2
1590,231.1428571,2316.571429,389.8571429,307.5714286,223.8571429,150,303.7142857,814.4285714,63.85714286,601.1428571,899.2857143,62.85714286,1067.428571,50.14285714,891.2857143,3,3.1,3.2,3.2
1661.857143,248.2857143,2473.285714,410.4285714,332.8571429,241.2857143,173.7142857,274.4285714,870.8571429,62.28571429,604.7142857,908.5714286,60.28571429,1062.571429,51,923,3.1,3.2,3.2,3.1
1583.571429,248.4285714,2463.285714,423.2857143,300.2857143,228.8571429,144.8571429,292.2857143,828.8571429,65.28571429,600,904,34.14285714,1005.714286,45,844.1428571,3.2,3.2,3.1,3.1
1484.285714,254.5714286,2490.571429,412.2857143,277.4285714,219,145.8571429,250.5714286,804.4285714,62,572.7142857,866.5714286,61,1034.714286,53.71428571,910,3.2,3.1,3.1,3.2
1302.571429,220.8571429,2310.857143,408,274.4285714,212,117.7142857,241.7142857,776.4285714,43.71428571,522.4285714,824.5714286,24.71428571,980.7142857,26,815.7142857,3.1,3.1,3.2,2.9
1276.857143,246.8571429,2361.428571,430.1428571,293,218,100.4285714,245.4285714,905,36.28571429,565,950.2857143,26.28571429,1089.142857,25.57142857,992,3.1,3.2,2.9,3.1
1279.857143,271.1428571,2358.714286,414.7142857,242.7142857,223.1428571,142.2857143,264.8571429,828.5714286,49.71428571,526,859.7142857,51.14285714,974.8571429,52.57142857,888.4285714,3.2,2.9,3.1,3.2
1375,258,2544.571429,451.5714286,240.2857143,213.8571429,92,279.8571429,761.7142857,53.85714286,504.4285714,824.5714286,44,953,42.85714286,835.5714286,2.9,3.1,3.2,3.6
1203.285714,232.7142857,2504.142857,454.1428571,229.5714286,197.5714286,97.57142857,366.5714286,816.5714286,80.71428571,477.8571429,778.8571429,8.714285714,867.1428571,17.28571429,780.4285714,3.1,3.2,3.6,3.7
1382,250.4285714,2940,508.2857143,232,223,100.7142857,412.1428571,873.7142857,80.85714286,497,855.4285714,61.28571429,998.1428571,34.42857143,860.1428571,3.2,3.6,3.7,3.6
1242.142857,248.5714286,2949.428571,516.5714286,230.8571429,221.7142857,123.2857143,401.5714286,915.2857143,72.71428571,513.5714286,882.5714286,42.85714286,1018.142857,35.57142857,900.4285714,3.6,3.7,3.6,3.4
1191.714286,249.4285714,2905.285714,491.2857143,213.5714286,212.1428571,87.85714286,316.7142857,824.7142857,66.28571429,461.1428571,794.7142857,50.71428571,968.4285714,34.14285714,809,3.7,3.6,3.4,3.4
1025.857143,224.5714286,2836.428571,513.5714286,204.8571429,197.8571429,93.28571429,313.1428571,881.1428571,64.71428571,444.1428571,787.5714286,60.42857143,978.7142857,34.57142857,755.5714286,3.6,3.4,3.4,3.5
1098.428571,236.2857143,2922.714286,571.5714286,215,210.7142857,103.1428571,304.8571429,823.1428571,66.57142857,458.2857143,774.4285714,25.57142857,1032.142857,25.14285714,776.2857143,3.4,3.4,3.5,3.5
934.4285714,214.5714286,2952.285714,530.2857143,212,211.1428571,110.4285714,286,832.4285714,63.85714286,436.4285714,825.2857143,44.14285714,1030,17.85714286,762,3.4,3.5,3.5,3.5
918.5714286,198.7142857,2772.142857,531,190,208.1428571,95.28571429,266.5714286,796.5714286,51.85714286,403.2857143,840.7142857,50.14285714,1097.714286,34.42857143,781.4285714,3.5,3.5,3.5,
938.8571429,200.2857143,2855.142857,565.4285714,181,196.4285714,102.8571429,332.7142857,785.1428571,60.28571429,406,833,25.14285714,1096,16.28571429,845.4285714,3.5,3.5,,3.3
1187.857143,225,2784.857143,575.5714286,172.1428571,202.1428571,107.2857143,370.5714286,845,58,410,790.5714286,27,1108.428571,16.28571429,872.1428571,3.5,,3.3,3.2
1245,228.7142857,2746.857143,521,174.5714286,192,96.71428571,281,915.4285714,16.85714286,396.5714286,915.4285714,51.28571429,1162.714286,8.142857143,953.7142857,,3.3,3.2,2.9
1176.571429,224.5714286,2726,537.5714286,177.7142857,190.7142857,99.14285714,241.1428571,940.4285714,8.571428571,422.8571429,984.5714286,34.28571429,1218.285714,8.142857143,1063.428571,3.3,3.2,2.9,2.8
1174.285714,216.5714286,2729.428571,509.5714286,177.4285714,189.1428571,97.57142857,256.5714286,967.8571429,42.71428571,447.4285714,954.8571429,42.42857143,1256.285714,16.85714286,1107,3.2,2.9,2.8,2.7
1514.571429,220.7142857,2542.571429,500.1428571,172.2857143,186.5714286,114.2857143,255.2857143,959,0,438,964.7142857,44.14285714,1207.571429,76,1099.857143,2.9,2.8,2.7,2.8
1180.428571,238.2857143,2418.714286,469.8571429,180.2857143,193.1428571,104.2857143,232.7142857,1090.714286,8.714285714,412.1428571,1009.428571,41.85714286,1110.714286,54,1124.571429,2.8,2.7,2.8,2.9
1121.857143,231.1428571,2523.428571,488.4285714,174.4285714,194.4285714,99.42857143,224.8571429,1011.714286,0,430.2857143,1088.571429,33.28571429,1204.571429,53,1248.142857,2.7,2.8,2.9,2.6
1105.571429,232.4285714,2503.285714,471.5714286,175.2857143,189.5714286,98.14285714,226,1021.285714,0,463.5714286,1185.285714,35.14285714,1299.714286,28.57142857,1341.428571,2.8,2.9,2.6,2.7
1179.428571,228.1428571,2523.142857,459,193.5714286,209.4285714,99.57142857,216.4285714,1063.571429,0,480.1428571,1189.571429,36.42857143,1262.714286,27.42857143,1295.714286,2.9,2.6,2.7,3
1062,202.5714286,2468.142857,446.7142857,191.2857143,187.2857143,76.85714286,188.4285714,910.2857143,0,406.4285714,939.1428571,27.42857143,1046.714286,0,1046.571429,2.6,2.7,3,2.6
1258.428571,237.2857143,2580.857143,477.1428571,209.8571429,212.4285714,110.8571429,223.2857143,996,8.571428571,461.1428571,1151.714286,17.42857143,1234.571429,54.42857143,1279,2.7,3,2.6,2.4
1188.857143,230.5714286,2306.714286,428.5714286,196.8571429,212.8571429,94.57142857,231.1428571,915.5714286,8.571428571,450.2857143,1106.142857,25.85714286,1213.428571,43.85714286,1239.571429,3,2.6,2.4,2.4
1186.285714,251.7142857,2276.428571,434,184.7142857,194.5714286,88.85714286,238.5714286,886.7142857,0,468.1428571,990,34.71428571,1113.857143,44.14285714,1130.428571,2.6,2.4,2.4,2.4
1265.285714,283.7142857,2296.142857,429.4285714,186.7142857,193.5714286,77,230.5714286,886.1428571,0,428.2857143,1019,26.57142857,1102.571429,99.42857143,1180.428571,2.4,2.4,2.4,2.3
1304.142857,274.1428571,2033.714286,457.2857143,207.7142857,192.7142857,85.71428571,224,849.5714286,0,451.7142857,1076.142857,46.85714286,1146.142857,72.42857143,1234.714286,2.4,2.4,2.3,
1487.714286,272.5714286,2012.857143,377.4285714,221.5714286,203.5714286,83.85714286,204.7142857,942.5714286,0,440.8571429,1129.571429,53.85714286,1193.857143,82,1258.571429,2.4,2.3,,2.4
1502.714286,300,2439.428571,537.4285714,312.8571429,230.7142857,97.57142857,282.1428571,1175.428571,0,491.2857143,1222.285714,63.85714286,1355.428571,71.85714286,1301.142857,2.3,,2.4,2.4
1545,297,2672.714286,603,378.2857143,240.5714286,95.42857143,392.8571429,1234.857143,69.28571429,511,1248.285714,74.57142857,1348,90.57142857,1295.571429,,2.4,2.4,2.3
1619.285714,323.8571429,2812.857143,585.8571429,473.7142857,298.1428571,104.8571429,539.1428571,1246.714286,103.4285714,533,1317.571429,87.85714286,1393.142857,111,1336.285714,2.4,2.4,2.3,2.3
1875.285714,465,3376.142857,659.5714286,743.5714286,325.1428571,197.2857143,786,1383.285714,92.42857143,569.2857143,1387.857143,117.8571429,1469.714286,125.5714286,1379,2.4,2.3,2.3,2.5
1994,497.8571429,3768.142857,706.4285714,973.5714286,334.5714286,224,1006.142857,1633.571429,95.42857143,582.4285714,1444.571429,116.5714286,1488.571429,135.7142857,1480.428571,2.3,2.3,2.5,2.7
1908.285714,437.8571429,3891.857143,670.7142857,738.2857143,359.2857143,233.2857143,907.7142857,2047.714286,127.5714286,623.5714286,1550.285714,105.1428571,1525.285714,134.8571429,1478.285714,2.3,2.5,2.7,2.9
1919.142857,365.4285714,3804.571429,529,508.8571429,372.1428571,215.5714286,740.4285714,2213.428571,99,621.7142857,1627.142857,87.85714286,1549.285714,125,1531.857143,2.5,2.7,2.9,2.8
1793.428571,358.1428571,3443.571429,540.7142857,488.4285714,380.8571429,205,577.7142857,2133.142857,88.85714286,657.5714286,1624.285714,102,1526,116.2857143,1474,2.7,2.9,2.8,3
1813,353.2857143,3142.285714,501.1428571,501,406,182.5714286,524.4285714,1877.428571,102.4285714,596.5714286,1417.285714,123.2857143,1433.714286,116.4285714,1336.428571,2.9,2.8,3,3.2
2029.428571,338.5714286,2930.571429,473.2857143,508.8571429,380.4285714,191.1428571,439.1428571,1729.571429,80.14285714,592.5714286,1366.714286,91.85714286,1410.142857,102.7142857,1309.428571,2.8,3,3.2,3
1762.428571,275.4285714,2631.142857,501.4285714,420.1428571,345.1428571,164.5714286,385.2857143,1460.714286,66,496.8571429,1327.285714,68.14285714,1362.714286,73.85714286,1253.428571,3,3.2,3,2.8
1938,275,2471.857143,521.8571429,529.4285714,310.5714286,173.2857143,347.5714286,1407.285714,66,479,1329.142857,61.42857143,1337,86.42857143,1246.571429,3.2,3,2.8,2.7
1783.142857,245.8571429,2464.428571,437.5714286,550.4285714,428.4285714,156.4285714,311.1428571,1451.428571,64.57142857,507.5714286,1285.714286,79.42857143,1355.142857,62.85714286,1188.571429,3,2.8,2.7,3.6
1482.571429,191.1428571,2249.714286,410.4285714,463,287.4285714,117.7142857,318.7142857,1276.714286,55.14285714,398.8571429,1107.285714,76.28571429,1128.571429,62,990.5714286,2.8,2.7,3.6,2.7
1734.142857,243.7142857,2603.857143,469.1428571,576.2857143,556.4285714,132.1428571,332.5714286,1334.428571,67.14285714,449.7142857,1316.571429,76.42857143,1343.571429,65,1216.714286,2.7,3.6,2.7,2.4
1808.857143,266.5714286,2335.428571,438.8571429,563.1428571,512.8571429,150.1428571,339.2857143,1293.857143,65.28571429,506.5714286,1392.714286,64.57142857,1435.428571,107.1428571,1289.428571,3.6,2.7,2.4,
1618,261.8571429,2402.571429,470.2857143,474.8571429,365.1428571,137,316.8571429,1244.714286,67.71428571,538.1428571,1311,96.71428571,1377.857143,90.42857143,1223,2.7,2.4,,2.7
1593.714286,267.4285714,2500.285714,425.4285714,470.1428571,359,119.8571429,295.7142857,1257.714286,70.57142857,525.7142857,1272.285714,66.57142857,1378.857143,76.85714286,1207.857143,2.4,,2.7,2.8
1699.571429,266.8571429,2451.285714,417.7142857,444.4285714,331.1428571,147.2857143,292.1428571,1256.285714,69,524.4285714,1275.571429,73,1374.428571,91.71428571,1220.857143,,2.7,2.8,2.8
1514.714286,260.8571429,2462.714286,473.2857143,386.2857143,316.5714286,149.7142857,277.2857143,1202,56.85714286,536.7142857,1224,44.85714286,1259.714286,37.42857143,1160.285714,2.7,2.8,2.8,2.8
1517.428571,244.5714286,2414.571429,467.5714286,336.5714286,290.5714286,139.2857143,266.5714286,1161,66,469.8571429,1256.285714,54.42857143,1277.571429,63.28571429,1234.142857,2.8,2.8,2.8,2.9
1472.857143,282,2497.428571,494.2857143,403.5714286,305.4285714,109.2857143,255.1428571,1200.285714,59,546.8571429,1263,66.42857143,1273.857143,77.28571429,1196,2.8,2.8,2.9,2.9
1327.285714,272.2857143,2457.285714,543.7142857,327.1428571,286.2857143,80.14285714,255.5714286,1159.857143,66.14285714,513.5714286,1202.428571,48.42857143,1248.428571,62.28571429,1150.714286,2.8,2.9,2.9,3
1290.428571,249,2484.428571,574.7142857,286.4285714,281.5714286,75.85714286,241.5714286,1103,56,466.2857143,1095.285714,45.28571429,1115.428571,43.85714286,988.8571429,2.9,2.9,3,2.9
1165.428571,274.4285714,2522.857143,584,281.8571429,259.2857143,71.71428571,250.2857143,1080.285714,73.14285714,496.5714286,1127.428571,57.42857143,1159.428571,26,1062,2.9,3,2.9,3.1
1112.428571,290.7142857,2530.142857,579.5714286,264.7142857,285.8571429,55.57142857,244,1054.285714,62,471.1428571,1111.285714,27.42857143,1118.142857,35.28571429,1025.142857,3,2.9,3.1,
1107,289.5714286,2641.285714,547.8571429,287.2857143,295.1428571,91.85714286,265.7142857,1062.285714,62.57142857,521.7142857,1082.571429,18.85714286,1136.142857,44.28571429,994.2857143,2.9,3.1,,3.5
1392.428571,318.1428571,2906.571429,598.5714286,448,301.5714286,72.85714286,382,994.4285714,54.14285714,688.4285714,935.7142857,46,1132.571429,63.42857143,888.2857143,3.1,,3.5,4
2070.142857,402.1428571,3454.857143,684,543,370.7142857,93.85714286,607.2857143,1009.142857,69.57142857,846.5714286,1022.428571,47.28571429,1180.142857,36.57142857,936.1428571,,3.5,4,4.1
1832.571429,360.1428571,3556.428571,738.4285714,590.8571429,373,114.7142857,575.5714286,1015.285714,63,811,1088.714286,64.28571429,1205.571429,78.85714286,1019.857143,3.5,4,4.1,4.1
1554.714286,310.4285714,3650.428571,724.5714286,627.2857143,352.5714286,136.1428571,543.1428571,995.5714286,76.28571429,733,1071.857143,58,1209,66.71428571,1017.857143,4,4.1,4.1,4.1
1355,292.5714286,3756.714286,813.4285714,560.8571429,319.4285714,101.4285714,439.7142857,981.5714286,69.71428571,612.7142857,1108.857143,45.57142857,1233.428571,35.85714286,1028.142857,4.1,4.1,4.1,3.9
1287.857143,278.4285714,3579.428571,739.7142857,464.1428571,322.8571429,157.1428571,478.7142857,978.2857143,80.42857143,621.5714286,1118.285714,54.71428571,1302.571429,17.85714286,1024,4.1,4.1,3.9,3.6
1273,277.4285714,3382.142857,722,439.2857143,287,149,383.1428571,1032.428571,56.14285714,599.8571429,1125.285714,65.85714286,1350.857143,8.571428571,1073.142857,4.1,3.9,3.6,3.6
1039.142857,247.5714286,3250,620.7142857,358.1428571,342.7142857,113,337.4285714,992,66.85714286,569.2857143,1042.428571,45.28571429,1306.714286,17.71428571,1041.285714,3.9,3.6,3.6,3.6
1033.428571,234.7142857,3319.857143,597.7142857,387,286,113,324.2857143,1108.714286,63.14285714,567.7142857,1101.142857,54.57142857,1368.428571,8.714285714,1109.857143,3.6,3.6,3.6,3.8
1068.285714,229.8571429,3399.285714,625.4285714,379.7142857,285,87.71428571,329.2857143,1150.285714,45.85714286,556,1135.285714,57.28571429,1430.857143,17.71428571,1126.142857,3.6,3.6,3.8,3.3
984,215.8571429,3192.428571,571.1428571,331.1428571,286.4285714,86.28571429,270.1428571,1085,43.14285714,547.2857143,1162.285714,45,1426.142857,8.714285714,1169.142857,3.6,3.8,3.3,3.1
1022,221.2857143,3266.857143,589.2857143,330.2857143,273,96.42857143,255,1050.428571,17.28571429,558,1161.428571,36.71428571,1342.285714,9.142857143,1202.857143,3.8,3.3,3.1,2.9
1082.428571,216.7142857,3176.285714,568,332.8571429,271.5714286,78,232,1076.571429,8.571428571,538.1428571,1188.714286,45.42857143,1315,8.714285714,1197.857143,3.3,3.1,2.9,2.9
1042.857143,223.5714286,2739,505.8571429,340.1428571,264.2857143,75.28571429,224,1078.142857,34.57142857,545.8571429,1195.285714,26.71428571,1278.714286,17.28571429,1230.714286,3.1,2.9,2.9,2.8
1005.142857,240.1428571,2516,436.1428571,302.4285714,249.2857143,93,227.5714286,983.2857143,8.571428571,527.7142857,1183.714286,43.85714286,1218.142857,63.14285714,1206.857143,2.9,2.9,2.8,2.6
1047.571429,259.7142857,2383.285714,424.1428571,312.8571429,264.2857143,97,231.1428571,962.7142857,9,572.2857143,1243.571429,0,1271.142857,51.85714286,1236,2.9,2.8,2.6,2.7
982.5714286,261,2357.857143,439.7142857,346.1428571,254.1428571,98.57142857,226.7142857,1002.857143,0,593.2857143,1246.285714,26,1345.857143,28,1258.571429,2.8,2.6,2.7,2.7
914.7142857,253,2195.428571,446.1428571,289.4285714,254.5714286,93.42857143,194.7142857,884.8571429,0,594.2857143,1182.428571,27.28571429,1324.714286,27.42857143,1183.714286,2.6,2.7,2.7,2.8
883.5714286,219.8571429,2162.571429,487.2857143,248,248.1428571,84.28571429,193.4285714,755.8571429,0,537.2857143,1124.285714,8.571428571,1236,0,1110.285714,2.7,2.7,2.8,2.4
982.8571429,235.7142857,2224.285714,444,278.1428571,263.4285714,83.57142857,208.1428571,756.7142857,0,554.7142857,1159.714286,9.428571429,1273.142857,18.42857143,1193.571429,2.7,2.8,2.4,2.5
1040.571429,249.2857143,2144.857143,433.1428571,330.7142857,296.8571429,82.14285714,200.4285714,776.4285714,8.571428571,607.2857143,1166.142857,8.714285714,1365,26.42857143,1207.428571,2.8,2.4,2.5,2.5
1061.142857,251.2857143,2125.571429,434.4285714,332.5714286,265,93.42857143,192.5714286,762,0,603.2857143,1148.285714,17.28571429,1297,25.85714286,1180.428571,2.4,2.5,2.5,2.5
1030.285714,262.2857143,1927.428571,409.5714286,307.7142857,253.5714286,80.42857143,199.4285714,672.1428571,8.571428571,562.1428571,1146.714286,44.14285714,1267.285714,36.42857143,1179.857143,2.5,2.5,2.5,2.4
1154.571429,255.2857143,2034.428571,487.1428571,332.8571429,245.7142857,95,192,849.7142857,9,512.1428571,1206.714286,45,1303.714286,52,1230.714286,2.5,2.5,2.4,2.4
1184.285714,261.1428571,1938,460.1428571,323,257,70.42857143,196.2857143,698.7142857,8.714285714,505,1169.571429,26.71428571,1277.428571,81.85714286,1201.857143,2.5,2.4,2.4,2.6
1163.428571,259.5714286,2144.714286,466.5714286,338.2857143,258.1428571,89.71428571,215.2857143,768.5714286,9.142857143,501.2857143,1198,52.71428571,1330,53.42857143,1200.857143,2.4,2.4,2.6,2.5
1055.428571,274.2857143,2012.142857,454.1428571,353,246.8571429,84.57142857,194,723.2857143,44.28571429,483.8571429,1229.714286,26.14285714,1375.571429,60.57142857,1258.714286,2.4,2.6,2.5,2.6
1090.428571,259.7142857,2125.857143,464.1428571,422.7142857,260.8571429,86,203.5714286,843.7142857,71.14285714,549.4285714,1285.285714,9.285714286,1392.571429,48.85714286,1325.857143,2.6,2.5,2.6,2.6
1237.857143,279,2314.142857,510.8571429,513.4285714,271.7142857,127.2857143,257.7142857,995.8571429,83.71428571,622.1428571,1340.142857,26.14285714,1473.714286,62.14285714,1319.571429,2.5,2.6,2.6,2.8
1228.285714,275,2348,529.7142857,606.1428571,296.4285714,93.42857143,357,1035.714286,115.4285714,596.8571429,1407.714286,45.42857143,1516.857143,44.42857143,1353.571429,2.6,2.6,2.8,3
1552.714286,332.5714286,2581.857143,555.1428571,787.1428571,361.2857143,144.2857143,852.2857143,1124,217.7142857,677.4285714,1460.857143,73.42857143,1569.142857,108.8571429,1344,2.6,2.8,3,3.2
1449.428571,291.2857143,2723.285714,539.2857143,720.4285714,373.4285714,140.8571429,734.1428571,1157.571429,203.7142857,638.8571429,1405.714286,63,1707.571429,55.71428571,1306.428571,2.8,3,3.2,3.2
1732.142857,392,3008,645,993.2857143,485.8571429,165,916.1428571,1216.142857,218.5714286,672.7142857,1629.714286,58.14285714,1832.857143,90.57142857,1358.428571,3,3.2,3.2,3.2
1703.142857,404.1428571,3007.857143,616.7142857,1045.857143,513.4285714,173.8571429,806,1215.142857,213,601.5714286,1542,80.57142857,1764.714286,91.28571429,1310.714286,3.2,3.2,3.2,3.4
1598,352,3037.428571,678.4285714,999.7142857,602.4285714,167.7142857,832.2857143,1211.714286,195.2857143,576,1516,65.85714286,1732.285714,64.28571429,1279.285714,3.2,3.2,3.4,3
1605.571429,324.5714286,3202.285714,648.8571429,937.5714286,653.1428571,152.1428571,1032.285714,1210.428571,205,585.8571429,1505.285714,68.42857143,1710.714286,61.14285714,1275.428571,3.2,3.4,3,3
1497,296.4285714,2958,596.1428571,940.7142857,643.5714286,154.8571429,1073.571429,1217.857143,215.5714286,549.7142857,1377.571429,66.85714286,1605.142857,34.57142857,1168.142857,3.4,3,3,4.6
1316.285714,283,3305.857143,702.5714286,900.7142857,772.4285714,148.8571429,766.2857143,1183.714286,179,530.4285714,1299.571429,59.71428571,1439,17.42857143,1097.142857,3,3,4.6,3
1909.285714,454.5714286,3188.285714,684.8571429,1043.714286,943.7142857,200,967.4285714,1287.428571,207.1428571,602.7142857,1470.142857,107.4285714,1700.142857,115.7142857,1310,3,4.6,3,3
1678.857143,419.5714286,2998.714286,638.7142857,967.1428571,850,166.5714286,804.4285714,1260.142857,190,619.8571429,1326.142857,77.28571429,1572.571429,102.2857143,1230.571429,4.6,3,3,3.4
1804.142857,423.2857143,3234.142857,693.4285714,1063.285714,809.2857143,165.8571429,864.5714286,1293.857143,217.4285714,644.4285714,1311.571429,83.85714286,1647.428571,127.7142857,1210.142857,3,3,3.4,3.6
2095.571429,419.8571429,3138.571429,686.1428571,1125.142857,1063,190.2857143,929.1428571,1284.142857,217.7142857,646,1334.428571,97.85714286,1660,145.7142857,1228.285714,3,3.4,3.6,3.9
3587.857143,654,3406.857143,748,1978.428571,1936.857143,289.5714286,1411,1370.428571,384.2857143,708.5714286,1394,131.7142857,1774.142857,201,1262,3.4,3.6,3.9,4.1
3229.428571,697.4285714,3247,708.4285714,2321.857143,1496.285714,295.4285714,1122.285714,1358.285714,288,719,1424.428571,123.1428571,1808,190.2857143,1256.714286,3.6,3.9,4.1,4
2396.285714,504.1428571,3135,636.1428571,1805,1231.857143,265.5714286,887.4285714,1315.142857,232.1428571,679.2857143,1370.571429,134.2857143,1705.714286,157.1428571,1221,3.9,4.1,4,4
1673.428571,399.5714286,2787,617.1428571,1161.571429,1024.428571,193.5714286,605.8571429,1199.571429,179.5714286,640.7142857,1224.857143,88.57142857,1544.142857,138.2857143,1168.428571,4.1,4,4,3.7
1461.571429,322.8571429,2481.857143,554.2857143,930.2857143,750.7142857,155.8571429,456.1428571,1055.714286,146.2857143,599.5714286,1192.142857,62.42857143,1427.714286,89.28571429,1016.142857,4,4,3.7,3.5
1285.142857,322.1428571,2557,527.7142857,772.5714286,621.1428571,149.8571429,377.7142857,1005.428571,139.8571429,697.5714286,1176.285714,37.28571429,1308.142857,53.28571429,1030,4,3.7,3.5,3.5
1173.571429,293.1428571,2903.285714,536.8571429,678.7142857,568.5714286,117.8571429,373.7142857,1054.428571,126,891.4285714,1076.571429,17.42857143,1272,26.14285714,1160.142857,3.7,3.5,3.5,3.7
1072.571429,289.2857143,3242.285714,612.1428571,542.5714286,511,93.71428571,514.2857143,1106,132.8571429,753.5714286,1085.428571,26.14285714,1212.571429,9.285714286,1320,3.5,3.5,3.7,3.6
1028.857143,303.7142857,2884.285714,547.2857143,489.7142857,490.8571429,85.14285714,307.8571429,1111.142857,65.85714286,901,1074.142857,8.714285714,1225,8.714285714,1274.571429,3.5,3.7,3.6,3.5
1030.857143,283.5714286,2907.571429,510.7142857,411.7142857,476.5714286,85,257,1082.428571,63,772.7142857,1057.142857,0,1223.428571,8.714285714,1204.142857,3.7,3.6,3.5,3.3
1094.428571,295.5714286,2981.857143,520,401.2857143,463.1428571,77.14285714,248.5714286,1017.571429,35.71428571,851.8571429,1062.285714,0,1207.142857,0,1227,3.6,3.5,3.3,3.4
1033.142857,296.1428571,2865.428571,488.8571429,342.7142857,388.5714286,78.28571429,234.7142857,948.2857143,8.714285714,797.7142857,967,0,1195.428571,8.714285714,1133.285714,3.5,3.3,3.4,3.5
955,273.1428571,2614.285714,550.7142857,319.8571429,378.8571429,64.85714286,214.7142857,929.1428571,17.42857143,664.5714286,885.8571429,0,1190.714286,9.285714286,918.1428571,3.3,3.4,3.5,3.3
858.5714286,273.2857143,2436.428571,516.1428571,322.5714286,376.4285714,83.42857143,222.8571429,915.4285714,9.428571429,578.2857143,909.4285714,0,1196.714286,8.714285714,875.2857143,3.4,3.5,3.3,3.4
710.4285714,262.2857143,2221.285714,536,286.7142857,358.8571429,28.14285714,200,772.7142857,17.42857143,504,852.7142857,0,1169.285714,17.42857143,825.8571429,3.5,3.3,3.4,3.3
801,236.8571429,2136.142857,506,266.7142857,338.2857143,44.85714286,200.2857143,780.8571429,17.71428571,455.1428571,869.4285714,0,1180,0,871.4285714,3.3,3.4,3.3,3.3
754.2857143,228.5714286,2116.285714,491.4285714,264.5714286,340,44.85714286,177.2857143,763.7142857,8.714285714,450.2857143,895.5714286,0,1179.285714,9.142857143,844.7142857,3.4,3.3,3.3,3.1
806.8571429,219.5714286,2100,523,268.4285714,348.2857143,62.42857143,184.7142857,746.4285714,17.71428571,421,1005.142857,0,1186.714286,8.714285714,868.5714286,3.3,3.3,3.1,3
762.2857143,209.7142857,2108.142857,481,260.2857143,352.8571429,26.85714286,184.1428571,779.5714286,0,427.8571429,1049.428571,0,1225,0,959.7142857,3.3,3.1,3,2.9
777.8571429,205.7142857,2103.428571,533.5714286,260.4285714,334.2857143,20.42857143,184.1428571,814.8571429,0,427,1072.285714,0,1224.571429,0,1025.571429,3.1,3,2.9,2.8
711.1428571,201,2127.285714,490.8571429,257.8571429,314.7142857,8.714285714,189.7142857,863.1428571,8.714285714,445.5714286,1111,0,1236.857143,0,1071.428571,3,2.9,2.8,2.8
654.2857143,197.1428571,2063.571429,498.2857143,253.2857143,313.4285714,9.285714286,197.2857143,857.8571429,17.71428571,435,1108,0,1233.714286,0,1105.714286,2.9,2.8,2.8,2.8
856.7142857,213.4285714,2090.142857,510.1428571,269.4285714,321.7142857,27.57142857,174.8571429,878.2857143,0,446.5714286,1133.857143,0,1253.571429,0,1134.714286,2.8,2.8,2.8,2.7
779.8571429,217.5714286,2140.571429,480.2857143,275.7142857,339.2857143,8.714285714,203.1428571,886.4285714,17.42857143,448.2857143,1128.428571,0,1244.714286,0,1160.857143,2.8,2.8,2.7,2.6
771.7142857,233.4285714,1971.571429,474,308.7142857,335,43.57142857,205.2857143,869.1428571,8.714285714,431.7142857,1149.285714,0,1221.571429,8.714285714,1184.285714,2.8,2.7,2.6,2.6
962.8571429,260.2857143,1846.571429,492,312.2857143,342,27.28571429,215.4285714,801.5714286,26.71428571,451.8571429,1118.285714,0,1160.285714,26.14285714,1127.285714,2.7,2.6,2.6,2.9
7236.285714,254.1428571,1910.714286,517.8571429,321,349.4285714,64.57142857,218.1428571,753.1428571,26.14285714,457.8571429,1107.142857,8.714285714,1138.142857,17.85714286,1089.285714,2.6,2.6,2.9,2.8
9952.428571,278.1428571,1989.428571,534,352.8571429,395.2857143,37.42857143,249.2857143,857.5714286,28.71428571,454.5714286,1161,9,1234.857143,8.714285714,1167.714286,2.6,2.9,2.8,2.6
8281.285714,232.5714286,1813.285714,491.1428571,345.7142857,364.2857143,53.85714286,214.1428571,747,18.71428571,462.7142857,1120.714286,8.714285714,1181.857143,0,1115.285714,2.9,2.8,2.6,2.8
5879.285714,241.1428571,1984.571429,550.5714286,320.2857143,355.2857143,36.71428571,190.8571429,745,8.714285714,432.2857143,1133.714286,0,1169.714286,17.71428571,1096.571429,2.8,2.6,2.8,2.5
3381.714286,261.2857143,1837.857143,532.2857143,352.7142857,388,36,226.1428571,778.1428571,27,484.1428571,1197.142857,17.42857143,1289.714286,26.42857143,1177.571429,2.6,2.8,2.5,2.7
2847.428571,275.4285714,1938,543.1428571,408.7142857,379.4285714,59,242.8571429,887.7142857,57.57142857,491,1162.285714,43.85714286,1259.714286,34.85714286,1171.714286,2.8,2.5,2.7,2.8
2498.714286,283,2027.142857,541.4285714,406.7142857,390.5714286,100.2857143,262.8571429,1016.285714,72,497.2857143,1194.714286,63.85714286,1273.571429,19.28571429,1190.285714,2.5,2.7,2.8,2.8
2202.857143,289.2857143,2131.285714,533.5714286,430.8571429,435.2857143,95.57142857,279.2857143,1072.428571,37,507.7142857,1215.857143,28.57142857,1345.428571,47.28571429,1241.285714,2.7,2.8,2.8,3
2139.428571,285.8571429,2127,536.1428571,449.5714286,435,88,289.8571429,1089,62.14285714,530.7142857,1228.857143,19.71428571,1349.571429,45.28571429,1230.714286,2.8,2.8,3,3.1
2016.857143,296,2206.714286,581.4285714,565.8571429,487,113.4285714,372.7142857,1106.714286,70.42857143,594.2857143,1239.142857,83.71428571,1354.857143,72.28571429,1206.285714,2.8,3,3.1,3.1
1935.714286,290.7142857,2172.428571,569,570.7142857,518.5714286,119,398.1428571,1093.428571,119.5714286,547.4285714,1243.571429,36.14285714,1353.571429,46.85714286,1249,3,3.1,3.1,3.2
1940.714286,308.5714286,2403.428571,620.1428571,690.1428571,578.5714286,112.7142857,537.1428571,1201.142857,118.4285714,570.8571429,1251.857143,67.42857143,1356.428571,90,1232.714286,3.1,3.1,3.2,3.3
2025,326,2687.571429,695.7142857,928.8571429,692.4285714,133.5714286,755.7142857,1302.428571,178.2857143,645.5714286,1272.285714,83.85714286,1407.285714,114.8571429,1245.571429,3.1,3.2,3.3,3.2
1843.428571,320.2857143,2906.571429,690.2857143,929.4285714,764.2857143,150.8571429,905.7142857,1284.285714,186.7142857,615.8571429,1824,82.42857143,1369.428571,96,1253.142857,3.2,3.3,3.2,3.3
1992.142857,324.8571429,3026.428571,694.1428571,980.4285714,892.4285714,132.4285714,1057.285714,1309.285714,212.1428571,767.8571429,2396.714286,59.28571429,1376.285714,92.71428571,1214,3.3,3.2,3.3,3.3
2066.857143,320.4285714,2934.857143,654.2857143,980.5714286,936.8571429,156.2857143,1062.857143,1229.142857,198.5714286,629.2857143,2868.714286,78.71428571,1354.428571,74.42857143,1243.428571,3.2,3.3,3.3,3.3
2010.428571,333.1428571,3174.285714,679.5714286,1002.857143,1024.142857,146.8571429,1094.142857,1274.285714,209.5714286,756.1428571,3025.714286,66.14285714,1383.571429,17.71428571,1197.285714,3.3,3.3,3.3,3.1
2097.285714,330.8571429,2665.428571,617.1428571,991.7142857,1013.142857,133.2857143,1014.714286,1233.285714,196.4285714,620,2353.285714,74.85714286,1365.142857,53.14285714,1195.857143,3.3,3.3,3.1,2.9
2005,277.2857143,2364.142857,580.7142857,968.1428571,991.5714286,110.8571429,875.7142857,1202.285714,177.5714286,549,1255.142857,64.85714286,1358,18,1198,3.3,3.1,2.9,3.3
1790,221.2857143,2074,517.1428571,880.1428571,837.2857143,111.8571429,645.2857143,1094.571429,147.8571429,467.7142857,1139.571429,53.42857143,1188.714286,8.714285714,1049.571429,3.1,2.9,3.3,3.5
1857,242.1428571,2349.714286,567.2857143,802.4285714,826.1428571,100.2857143,548.4285714,1116.285714,130.1428571,483.8571429,1193.571429,46.71428571,1226.857143,0,1114.142857,2.9,3.3,3.5,2.6
2145.142857,324.5714286,2211.285714,539.8571429,966.7142857,884.7142857,99.85714286,721.2857143,1174.428571,148.4285714,507.8571429,1274.714286,63,1354,81.42857143,1213.857143,3.3,3.5,2.6,2.7
2805.285714,500.4285714,2124.857143,492.8571429,1395.714286,1104.571429,150,810.4285714,1137,149.7142857,565.5714286,1225.714286,36.85714286,1300.857143,114.7142857,1189.857143,3.5,2.6,2.7,2.8
2864.428571,597.5714286,2116.428571,496.2857143,1684.857143,1080.571429,126.5714286,758.5714286,1089.857143,157,552.4285714,1193.428571,26.14285714,1305.428571,125.1428571,1181.571429,2.6,2.7,2.8,3
2428.714286,508.7142857,2315.857143,548.1428571,1538.714286,1014,124.1428571,732.5714286,1131.857143,166,570,1198,54.85714286,1317.857143,109.1428571,1216.428571,2.7,2.8,3,3
2269.428571,490.4285714,2830.142857,565.5714286,1212.857143,1056.714286,131,757.1428571,1186.714286,177.7142857,633,1227.285714,69.42857143,1378.285714,106.8571429,1244.857143,2.8,3,3,3
1907.857143,496.1428571,2973.571429,597.7142857,1127.571429,1053.857143,134.7142857,748.8571429,1166.428571,174.2857143,661.7142857,1276.142857,55.85714286,1432.571429,128.1428571,1286.428571,3,3,3,3
1657.428571,484,3018.571429,570.2857143,1086.142857,1005.285714,145.5714286,813.4285714,1148.285714,187.2857143,631.8571429,1287.142857,47.14285714,1416.714286,117.1428571,1266.714286,3,3,3,3.1
1523,452.7142857,2911.428571,549.1428571,1033.285714,977.1428571,150.4285714,635.2857143,1163.142857,159.2857143,632,1272.428571,73,1410.142857,86.28571429,1264.571429,3,3,3.1,3.4
1421.714286,373,3222.142857,574,981.2857143,875.4285714,108.2857143,461.2857143,1092.714286,140.7142857,707.2857143,1192.142857,46.14285714,1294,45.14285714,1178.428571,3,3.1,3.4,3.2
1329.857143,366.8571429,3091.285714,547.5714286,925.1428571,808.4285714,108.4285714,395.4285714,1053.714286,105.2857143,787.2857143,1163.714286,44.42857143,1327,53.14285714,1202.142857,3.1,3.4,3.2,3.2
1299.714286,367.4285714,3036.285714,551.4285714,903.4285714,800.4285714,97.85714286,378.7142857,1038,104.5714286,762.7142857,1124.142857,46.28571429,1276.571429,27.14285714,1171.285714,3.4,3.2,3.2,3.1
1354.857143,355,2859.714286,524,867.8571429,738.8571429,80.57142857,367.4285714,1006.714286,123.2857143,757.8571429,1095.142857,26.42857143,1278.428571,8.714285714,1178.142857,3.2,3.2,3.1,3.2
1305.714286,365.5714286,3156.428571,612.8571429,865.1428571,794.8571429,81,476.1428571,1032.428571,130.2857143,816.1428571,1103.142857,26.14285714,1234.428571,9.428571429,1170.571429,3.2,3.1,3.2,3.3
1366.142857,395.5714286,3064.142857,586.5714286,901.2857143,759.2857143,84.85714286,383.1428571,1012.714286,137.5714286,878.2857143,1117.571429,36.42857143,1244.571429,28.14285714,1174.714286,3.1,3.2,3.3,3.3
1358.857143,401,3100,583.7142857,798.8571429,792.1428571,85.85714286,352.2857143,1003,116.2857143,818,1076,35.42857143,1218.857143,9,1176.571429,3.2,3.3,3.3,3.4
1398.571429,363.8571429,3076.857143,598,735.4285714,729.7142857,91.14285714,313,950.4285714,110.2857143,758.5714286,1028.285714,35.85714286,1256.571429,0,1199.714286,3.3,3.3,3.4,3.6
1376.285714,324.5714286,3228.857143,678.5714286,655.8571429,674.2857143,91.57142857,268,892.1428571,94.28571429,716.8571429,1021.428571,9.285714286,1167.714286,0,1175.142857,3.3,3.4,3.6,3.4
1323.857143,325.5714286,3175.714286,669,524.7142857,674.7142857,84.57142857,291.5714286,877.8571429,100.5714286,691.1428571,1009.571429,0,1230.571429,26.57142857,1214.428571,3.4,3.6,3.4,3.5
1330.714286,315.1428571,3383,684.2857143,472.5714286,714.7142857,76.42857143,293.8571429,918.5714286,97.14285714,705.7142857,1035.714286,18,1240.857143,8.714285714,1173.571429,3.6,3.4,3.5,3.8
1514.142857,341.4285714,3827.285714,762.7142857,541.4285714,737.8571429,75.28571429,336.1428571,957.7142857,132.8571429,681.7142857,1046.857143,18,1233.142857,0,1226.857143,3.4,3.5,3.8,3.7
1589.428571,355.4285714,4292,828,680.2857143,832.7142857,120.4285714,558.4285714,1026.428571,136.1428571,733.2857143,1060.142857,44.71428571,1207.142857,27.14285714,1267.571429,3.5,3.8,3.7,4.2
1465.428571,344.8571429,4642,853.2857143,782,873.2857143,131.7142857,660.5714286,1023.571429,149.1428571,724.7142857,1072.285714,63.14285714,1242.857143,26.57142857,1259.714286,3.8,3.7,4.2,4.3
2119.428571,427.7142857,5235.857143,898,931.7142857,998.5714286,135,815.2857143,1089.857143,154.8571429,734.7142857,1129,50.85714286,1326.857143,70,1313.857143,3.7,4.2,4.3,4.1
1816,449.1428571,5525.714286,889.2857143,952.7142857,1017.857143,147.8571429,784.5714286,1154.142857,157.8571429,725,1150.285714,65.71428571,1321.857143,64.42857143,1347,4.2,4.3,4.1,4
1865,384.5714286,5044,772.8571429,896.5714286,936.8571429,144.1428571,761.7142857,1097.428571,157.1428571,727.8571429,1159.142857,92.85714286,1339.714286,73,1332.428571,4.3,4.1,4,3.6
2794.142857,437.7142857,4385.857143,700.2857143,1018.142857,848.2857143,143.8571429,642.5714286,1085.142857,143,699.8571429,1145.142857,78.14285714,1318.571429,105.1428571,1356,4.1,4,3.6,3.6
6924,654,4486.142857,724.7142857,3071.857143,1016,220,1019.571429,1109,175.5714286,724.2857143,1185.285714,119.7142857,1349.714286,210,1447.571429,4,3.6,3.6,3.6
2329.142857,347.5714286,4704.428571,824.8571429,1271.285714,914.8571429,175.5714286,883,1149.428571,158.2857143,802.8571429,1200.285714,74.28571429,1366.142857,114.2857143,1498.142857,3.6,3.6,3.6,3.4
1981,319.5714286,4914.571429,830.5714286,1026.428571,907,147.2857143,843.5714286,1207,156.2857143,842.2857143,1377.571429,64,1399.428571,67.85714286,1743.714286,3.6,3.6,3.4,3.4
1759,327.4285714,4328.857143,747.2857143,885.8571429,839.7142857,135.1428571,766.8571429,1160.142857,143.7142857,809,1559.857143,56.57142857,1359.714286,74.85714286,1789.428571,3.6,3.4,3.4,3.1
1557.714286,317.5714286,3997.285714,733.5714286,891.2857143,851.8571429,164.7142857,678,1198.142857,140.5714286,873.2857143,1723.571429,54.71428571,1322.857143,102,1824.714286,3.4,3.4,3.1,3.3
1426.142857,337,3858.571429,693.1428571,898.2857143,922,184.7142857,632.1428571,1240.857143,151.4285714,931.4285714,1791,65,1423.285714,63.71428571,1869.285714,3.4,3.1,3.3,3.1
1480.857143,326.2857143,3376.571429,636,778.2857143,922.5714286,166.7142857,462.5714286,1240.428571,130.5714286,926.7142857,1654.142857,91.42857143,1429.857143,110.7142857,1770.428571,3.1,3.3,3.1,3
2215.142857,311.4285714,3013.714286,592.4285714,601.1428571,807.1428571,144.4285714,446.2857143,1121.142857,102.2857143,797.5714286,1398.571429,98.28571429,1404.857143,44.85714286,1531.428571,3.3,3.1,3,3.7
1494.285714,253.4285714,3129,574.5714286,455.5714286,711,122.8571429,268.2857143,983.1428571,82.14285714,679.1428571,1231.571429,71.85714286,1201.428571,8.714285714,1463.428571,3.1,3,3.7,
1430.142857,312,2916.428571,547.8571429,415.5714286,724.4285714,125.4285714,321,924,82,768.1428571,1437.857143,60.42857143,1378.714286,53.14285714,1664.571429,3,3.7,,
1410.285714,320.2857143,2428.142857,526,386.7142857,730,161,313.2857143,794.2857143,72,759.5714286,1341.857143,25.57142857,1334.714286,88.42857143,1572.428571,3.7,,,2.9
1378.428571,342.2857143,2546.142857,520.7142857,447.7142857,798.7142857,122.8571429,298.1428571,882.4285714,61.42857143,824,1405.142857,28.14285714,1376.428571,62.85714286,1703.142857,,,2.9,3
1369.142857,369.2857143,2508.571429,535.8571429,489.7142857,820.2857143,151.4285714,278.5714286,899.4285714,62.14285714,852.4285714,1524.571429,17.42857143,1400.428571,81.85714286,1666.285714,,2.9,3,2.9
1294.142857,373.8571429,2703.571429,535.2857143,492.4285714,862,146.4285714,289.2857143,903.4285714,70.57142857,858,1301.428571,34.57142857,1382.571429,95.28571429,1487.571429,2.9,3,2.9,2.8
1293.857143,369.1428571,2672.428571,517.8571429,572.5714286,954.8571429,139.7142857,292.7142857,876.1428571,55.57142857,825.1428571,1344.428571,9.285714286,1369.857143,109.8571429,1446.571429,3,2.9,2.8,3.1
1378.714286,404.8571429,2680,556.7142857,747.2857143,999,183.1428571,367.4285714,855.8571429,83.42857143,852.4285714,1350.285714,45.85714286,1369,132.5714286,1502.285714,2.9,2.8,3.1,3.3
1737.571429,520.4285714,3235.571429,614.8571429,1022.714286,1204,266.4285714,606.8571429,1069.857143,147.2857143,944,1456,68.42857143,1478.142857,138.7142857,1494.714286,2.8,3.1,3.3,3.5
1899.285714,746.8571429,3933.857143,751.5714286,1356.857143,1871.714286,410.2857143,1067.428571,1172.857143,227.5714286,993.1428571,1644.571429,105.8571429,1611.142857,159.8571429,1638.142857,3.1,3.3,3.5,3.6
2594.285714,985.8571429,4587.285714,850.2857143,1831.714286,3152.714286,601.8571429,1206.285714,1266.857143,300.5714286,1034.571429,1872.428571,139,1765.428571,184.5714286,1751.428571,3.3,3.5,3.6,4.3
3945,1113.142857,6083.571429,958.4285714,3229,5642.714286,898.4285714,1609.142857,1552,436.2857143,1076.142857,2122.857143,139,2105.714286,214.7142857,1850.857143,3.5,3.6,4.3,5
10281.71429,2127.428571,7813.857143,996.7142857,7160.142857,10268.14286,1608.714286,2187,1999.857143,562.5714286,1130.714286,2286.714286,249.4285714,2458.857143,378.1428571,3023.285714,3.6,4.3,5,6
10577.42857,2262.428571,7754.285714,1000.714286,7653.714286,15487.28571,2553.285714,2076.857143,1836.714286,573,1092.142857,2440.571429,276.8571429,2567.714286,374.7142857,2197.714286,4.3,5,6,6
13886.14286,1945.714286,7091.142857,991.8571429,11848.71429,32072,5011.714286,2187.714286,1641.285714,578.2857143,1067.571429,2496.714286,285.8571429,2542.285714,437.5714286,2339.428571,5,6,6,6.7
15326.14286,1711.714286,7439.428571,1012.428571,16803.57143,33979.42857,5696.428571,2848.714286,1816,665.5714286,1087.428571,2373.714286,277.4285714,2713.285714,449.8571429,2389.857143,6,6,6.7,5.9
7845.571429,1148.142857,5758.428571,903.8571429,10576.71429,20268.14286,2941.571429,2399.285714,1424.285714,482.1428571,1021.285714,1908,184.5714286,2240,274.5714286,2047.857143,6,6.7,5.9,5.1
4280,777.8571429,4802.428571,760.8571429,6128,9922.857143,1399.428571,2204.285714,1247,383.4285714,971.8571429,1891.857143,149.2857143,2029,179.5714286,1791.857143,6.7,5.9,5.1,4.7
3357.142857,600.2857143,4405.571429,707.2857143,4627.142857,7420.571429,1015,2057.571429,1265.285714,345,984.7142857,1941.857143,130.7142857,2023.428571,142.8571429,1693,5.9,5.1,4.7,5.6
6870.714286,941,4025.571429,682.7142857,8451.285714,7412.571429,1160.857143,2291.571429,1159.714286,349.8571429,832.8571429,1597.714286,143,1721.428571,160.2857143,1329.142857,5.1,4.7,5.6,4.7
3918.714286,796.4285714,3983.285714,663.7142857,5023.571429,5485,764.7142857,1686.714286,1127.571429,312,914.1428571,1753,131.4285714,1705.857143,155,1454.714286,4.7,5.6,4.7,4
6721,973.5714286,3151.571429,615.5714286,8598.857143,4891.571429,850.1428571,1823.142857,1149.714286,363.2857143,973.4285714,1734.285714,149.5714286,1600.285714,250.5714286,1459,5.6,4.7,4,3.7
3328.571429,635.2857143,2761.142857,540.4285714,4549.142857,2767,510,1181.285714,919.4285714,280.7142857,982.7142857,1518.142857,110.7142857,1413.142857,213.4285714,1441,4.7,4,3.7,3.6
2444.857143,616.8571429,3057.857143,565.1428571,2931.857143,2200.857143,380.7142857,999.1428571,878,222,999.2857143,1503.428571,103.5714286,1419.571429,190.4285714,1563.142857,4,3.7,3.6,3.6
1907.857143,494.5714286,2959.285714,567.4285714,1762.428571,1732.857143,310.5714286,743.7142857,835.8571429,186.1428571,1001.571429,1664.142857,93.57142857,1434.428571,171.8571429,1679.285714,3.7,3.6,3.6,3.6
1760.857143,426.8571429,3033.714286,561.7142857,1494.714286,1457.857143,274.4285714,631.4285714,830.8571429,165.4285714,998.8571429,1509.571429,54.42857143,1406,152.2857143,1601.571429,3.6,3.6,3.6,3.7
1716.857143,397.4285714,2830.857143,530.7142857,1187.571429,1270.142857,259.2857143,487.1428571,760.2857143,138.1428571,965.7142857,1444.857143,0,1363.857143,124.4285714,1566,3.6,3.6,3.7,3.5
1468.714286,392.5714286,2765.428571,506.5714286,1054.571429,1223.428571,241.4285714,450,748.8571429,121.5714286,993.1428571,1336.714286,44.28571429,1317.428571,119.2857143,1506.142857,3.6,3.7,3.5,3.6
1376,346.2857143,2812.285714,522.8571429,1019.285714,1187.714286,195.2857143,411.5714286,719.1428571,130.4285714,1007.857143,1062.857143,26.14285714,1167.285714,115.5714286,1461,3.7,3.5,3.6,3.6
1308.428571,317,2787.142857,523.8571429,891.1428571,1153.142857,146.8571429,367.8571429,644.8571429,112.2857143,968.1428571,1010.285714,0,1120,83.28571429,1295.428571,3.5,3.6,3.6,3.7
1281.428571,313.4285714,3152.571429,566.8571429,704.5714286,1089.428571,119.4285714,351.4285714,567.7142857,124.4285714,950.2857143,844.1428571,8.428571429,989.2857143,80,1203.428571,3.6,3.6,3.7,3.7
1222.571429,322.5714286,2906.428571,543.7142857,653.7142857,1140.857143,112.8571429,369.4285714,605.7142857,111.1428571,974,980.8571429,8.714285714,1021.714286,63,1198.428571,3.6,3.7,3.7,4
1464.571429,310.4285714,3072.571429,582.2857143,922,1124.857143,102.1428571,363.4285714,923,118.1428571,925.7142857,1120.142857,54,1177.142857,53,1138.285714,3.7,3.7,4,
1872.142857,344.1428571,3230.285714,616.4285714,932.7142857,1158.285714,105.2857143,342.8571429,947.2857143,111.7142857,943.8571429,1157.142857,35.71428571,1217.571429,52,1160,3.7,4,,4.2
1336.428571,414.1428571,3170.142857,617.8571429,725.5714286,1164,105.7142857,319,1012.571429,90.85714286,934,1140.285714,9,1197.428571,25.57142857,1164.571429,4,,4.2,4.2
1439.285714,323,3241,653,704,1129,119.5714286,320.8571429,1000,81.71428571,918,1140.428571,26.14285714,1217.428571,35.42857143,1149.571429,,4.2,4.2,4
2803,306.1428571,3128.714286,583.7142857,684.4285714,1093.857143,102,313.8571429,1008.571429,79.85714286,867.8571429,1132.571429,18,1227,35.14285714,1123.285714,4.2,4.2,4,3.8
1606.285714,303.2857143,3201.142857,594,589.2857143,1067.857143,97.42857143,282,984,54.57142857,819.2857143,1121.714286,0,1277.428571,26.14285714,1124.428571,4.2,4,3.8,3.6
1438.571429,313.8571429,3027.857143,578.8571429,470.7142857,1053.857143,90.71428571,255.1428571,877.4285714,61.71428571,811.4285714,1071.142857,9.428571429,1173.142857,8.428571429,1090.714286,4,3.8,3.6,3.3
1329.285714,296,3085.428571,590.7142857,406.5714286,1069,91.14285714,254.2857143,895.1428571,62,782.2857143,1082,9,1173.571429,8.428571429,1111.428571,3.8,3.6,3.3,3.2
1321.142857,298.1428571,3065,594.2857143,431.4285714,1088.428571,88.71428571,271.1428571,877,53.14285714,817.5714286,1116.857143,0,1199.428571,17.71428571,1130,3.6,3.3,3.2,
1321.142857,292.1428571,3457.428571,625.1428571,383,1064.714286,79.85714286,275.1428571,927.1428571,44.71428571,856.4285714,1141.714286,0,1220.571429,0,1138.857143,3.3,3.2,,3
1319.571429,293.4285714,3456.714286,598.4285714,308.5714286,1063.857143,99,349,986.7142857,44.71428571,901.2857143,1178.428571,0,1241.714286,34.85714286,1181.571429,3.2,,3,3
1351.285714,288.1428571,3341.142857,616.7142857,623.7142857,1039.428571,101,268.1428571,1038.714286,35,930.7142857,1220.571429,9,1270,0,1265.142857,,3,3,2.8
1303.285714,283,3195,607.7142857,650.4285714,1060.428571,89.14285714,249,1069.142857,35.14285714,989.5714286,1294.285714,0,1323.714286,17.14285714,1388.428571,3,3,2.8,
1262.142857,288.1428571,2956.142857,574.2857143,508.4285714,1035,96.71428571,243.4285714,1043.571429,8.428571429,943.2857143,1293.142857,35.71428571,1309.714286,44.28571429,1387,3,2.8,,2.6
1379.285714,288.8571429,2834.142857,578.5714286,394,1028,127,231.1428571,1065.857143,17.57142857,970.2857143,1369.571429,0,1276.571429,43,1395.285714,2.8,,2.6,2.6
1294.857143,315.1428571,2350.428571,539.1428571,350.2857143,986.7142857,70.28571429,238.1428571,1047.857143,0,842.1428571,1297.142857,8.428571429,1194.571429,54,1196.714286,,2.6,2.6,2.7
2800.571429,319.2857143,2388.714286,549,443,1009.285714,108.2857143,237.1428571,1041.714286,0,924.1428571,1340.857143,17.42857143,1143.857143,95.57142857,1216,2.6,2.6,2.7,2.7
2721.571429,311.7142857,2228.857143,564.1428571,466,1073.428571,115.5714286,271.2857143,1049.714286,17.14285714,922.8571429,1344,9.571428571,1139.857143,74,1214.428571,2.6,2.7,2.7,2.9
2164.428571,282.8571429,2153,578.2857143,381.2857143,1030.142857,131.7142857,256.1428571,1044.428571,72.42857143,920.7142857,1282.142857,27.42857143,1129.428571,45.42857143,1211.428571,2.7,2.7,2.9,2.9
1935.285714,310.2857143,2374,575,385.7142857,1031.714286,121,250.7142857,1081.285714,34.85714286,946.8571429,1460.714286,8.714285714,1237.142857,54.42857143,1359.857143,2.7,2.9,2.9,3.4
1616.428571,257.7142857,2207,562.4285714,368.1428571,965.2857143,119,209.1428571,1027,44.42857143,918.7142857,1514.142857,9.428571429,1195.428571,35.42857143,1533.285714,2.9,2.9,3.4,2.5
1479,327,2122,552.5714286,404,1080.571429,146.4285714,257.8571429,1079,9.285714286,991.7142857,1758.142857,18.28571429,1395.428571,73.28571429,1779.428571,2.9,3.4,2.5,2.6
1483.571429,336.4285714,2159.714286,511.5714286,374.5714286,1045.714286,144.1428571,258.5714286,1072.714286,28.42857143,977.4285714,1528.571429,18,1298.142857,88.14285714,1595.142857,3.4,2.5,2.6,2.6
1709.571429,379.1428571,2363.714286,521.1428571,404.2857143,1275.714286,133.2857143,297.7142857,1088.714286,45.42857143,903.1428571,1554.571429,26.71428571,1315.714286,103.5714286,1568.857143,2.5,2.6,2.6,2.7
2074.857143,401.1428571,2198,565.4285714,468,1200,187,299.7142857,1103.571429,9.571428571,969.5714286,1627,26.14285714,1379.571429,113.7142857,1595.142857,2.6,2.6,2.7,2.6
1760.857143,386.5714286,2058.285714,526.4285714,452.7142857,1143.714286,174.7142857,305.8571429,1050.857143,47,996,1502.714286,26.71428571,1247.428571,104.2857143,1455,2.6,2.7,2.6,2.7
2224.857143,395.2857143,2076.857143,539,648.4285714,1186.571429,212.8571429,375.5714286,1086.285714,54.42857143,1031.428571,1561.857143,63.28571429,1283.285714,117.8571429,1514.857143,2.7,2.6,2.7,2.9
2571.285714,479.7142857,2413,576.1428571,759,1599.857143,266.8571429,493.1428571,1116,87.28571429,1024.285714,1709.142857,79.28571429,1350.857143,144.7142857,1650.857143,2.6,2.7,2.9,3.2
2709.714286,530.7142857,2729.428571,622.2857143,945.7142857,1972.714286,280.4285714,682.7142857,1180.714286,116,1070.428571,1769.857143,96.71428571,1497.428571,140,1783.857143,2.7,2.9,3.2,3.3
2884,605.2857143,2886.857143,647.1428571,1105.142857,2115.571429,307,855,1166,96.42857143,1044.142857,1934.857143,99.14285714,1673.857143,160.5714286,2247.714286,2.9,3.2,3.3,3.5
2697.142857,626.7142857,2918.714286,654.2857143,1280,2343.285714,395,1039.428571,1151.714286,155,1023.571429,2014.428571,92.57142857,1619.714286,157.7142857,2266.285714,3.2,3.3,3.5,3.7
3338.285714,828.7142857,3661.428571,792.7142857,2147.142857,3662.428571,691.4285714,1890.857143,1334.142857,220,1086.571429,2208.571429,124.5714286,1722.428571,206.8571429,2084.428571,3.3,3.5,3.7,4.1
4814.285714,928.8571429,4087.857143,850.4285714,2890.142857,5535.142857,961.7142857,3399.857143,1449.857143,304.4285714,1083.714286,2542.571429,160.7142857,1923.857143,240.4285714,2229.285714,3.5,3.7,4.1,4.8
7662.142857,941.4285714,5396.714286,970.8571429,3444.285714,9158.857143,1210.857143,5523.285714,1753.571429,472.8571429,1085.571429,2698.571429,241,2108.142857,211.5714286,2292.142857,3.7,4.1,4.8,5.5
16687.28571,1588.142857,6336.714286,1016.714286,10579.28571,21581.14286,2998.285714,11917.28571,2471.285714,961.5714286,1208.285714,3164.857143,570.7142857,2515,513.5714286,2447.142857,4.1,4.8,5.5,5.9
15931,1373.714286,6344.714286,1045.428571,14703.71429,26729.57143,4565.571429,15148.14286,2596.285714,1213.571429,1174,3169.714286,438.1428571,2637.571429,606,2380,4.8,5.5,5.9,5.4
13048.28571,1135,5870.714286,1030.571429,11286,24657.85714,3791.857143,14410.28571,2691.142857,1194.571429,1178.857143,3062.285714,369.1428571,2676,406.7142857,2433.714286,5.5,5.9,5.4,5.1
9949.285714,963.8571429,4811.285714,944.1428571,9510,19685,2585.428571,12870.57143,2417.428571,1074.857143,1086.714286,2660.714286,309.7142857,2495.142857,302.5714286,2080.571429,5.9,5.4,5.1,6.8
4987.142857,515.5714286,4066.285714,858.4285714,5658.857143,10452,1279.428571,5909.142857,1602.571429,614.4285714,959.8571429,2045.714286,201.1428571,1774.714286,104.4285714,1589.142857,5.4,5.1,6.8,4
5363.857143,563.8571429,3974.142857,805.2857143,4543.857143,9803.714286,1044,5895,1652.428571,546.5714286,1053.571429,2383.571429,189.8571429,1988,178.8571429,1986.428571,5.1,6.8,4,3.9
6063.857143,602.4285714,3916.285714,772,4467,7426.857143,1004.142857,4987.714286,1545.857143,508.4285714,1052.857143,1985.571429,183.2857143,1814.285714,207,1823,6.8,4,3.9,4
5736.428571,580.8571429,3625.142857,762.8571429,3966.714286,6347.857143,941.7142857,4956.857143,1489.428571,492.1428571,1065.142857,1940.285714,200.8571429,1799.571429,216,1803.857143,4,3.9,4,
4648.285714,620.5714286,3504,735.2857143,3632.857143,5671.571429,946.8571429,4492.285714,1408.857143,522.2857143,1083.571429,1929.714286,179.7142857,1677.571429,217.7142857,1801,3.9,4,,4.1
4558,663,3815.428571,722.1428571,3706.857143,5898.428571,973.2857143,3898.428571,1486.285714,474.5714286,1106.142857,2144.571429,171.1428571,1748.142857,213.7142857,1889.857143,4,,4.1,4
4271,703.4285714,4088.571429,670.2857143,3609.714286,6599.714286,1019.285714,3191.571429,1472,446.7142857,1106.714286,2174.571429,171.8571429,1731.857143,199,1803.714286,,4.1,4,4
4442.285714,549.7142857,3709.428571,700.5714286,3400,7535.714286,1057.714286,2517.285714,1461.571429,380.1428571,1132.428571,2345.857143,151.7142857,1743.571429,192.2857143,1686.714286,4.1,4,4,4.2
4135.142857,507.1428571,3946.285714,724.1428571,3247.571429,8026,1041,2004.142857,1582.142857,305.7142857,1110.428571,2361.857143,130,1689,160.7142857,1562.714286,4,4,4.2,4
3882.142857,530.1428571,4009.857143,737.1428571,2718.142857,7849.142857,999.1428571,1786.142857,1578.285714,260.2857143,1115.571429,2490.142857,118.2857143,1691.857143,138.7142857,1629.142857,4,4.2,4,4.2
3822.571429,538.7142857,4086.857143,697.7142857,2532.714286,7636.857143,1009.142857,1565.142857,1553.428571,248.4285714,1103.285714,2317.428571,123,1588,143.7142857,1570.142857,4.2,4,4.2,4.2
3466.285714,491.8571429,3973.428571,668.1428571,2384.285714,6206,974.4285714,1320.285714,1362.285714,234.2857143,1086.571429,2099.714286,97.14285714,1571,140.8571429,1412.857143,4,4.2,4.2,4.3
2511,428.5714286,4151.285714,643.5714286,1660.142857,4708.285714,835.8571429,1072.571429,1256.714286,159.8571429,1030.142857,2008.142857,78,1430.857143,107.2857143,1366.428571,4.2,4.2,4.3,4
2695.142857,469.5714286,4172.285714,607.4285714,1321,4121.285714,736.8571429,1078.714286,1446.857143,148.7142857,1106.571429,2172.714286,99.28571429,1540.142857,132.7142857,1581.428571,4.2,4.3,4,4.1
2822.857143,651.7142857,4261.142857,632.8571429,1199.142857,4000.428571,706,1091.714286,1377.857143,136.5714286,1094.571429,1928.857143,104.2857143,1409,142.5714286,1394.428571,4.3,4,4.1,4.2
2545.714286,534.1428571,4389.571429,600.4285714,1257.857143,3494.142857,490.4285714,967.7142857,1204.285714,159.1428571,1070.714286,1769,92,1354.142857,115.8571429,1315,4,4.1,4.2,4.1
2380.142857,489.7142857,4473.857143,566.1428571,1229.285714,3079.857143,404,913.2857143,1170.428571,145,1015.428571,1801.857143,109.8571429,1262,123.8571429,1319.571429,4.1,4.2,4.1,4.6
2247,468.2857143,4514.714286,578.5714286,1572.428571,2845,357,807.1428571,1130.142857,136.4285714,994.7142857,1638.714286,95,1332.714286,96.28571429,1235.428571,4.2,4.1,4.6,4.2
2113.714286,549,4165.428571,577.2857143,1363.285714,2767,331.1428571,748.7142857,1132.285714,112.2857143,1002.857143,1620,91.57142857,1410.285714,91.42857143,1247.857143,4.1,4.6,4.2,4
2034,454.8571429,3972.857143,568.2857143,1275.857143,2643.142857,252.1428571,695,1133.857143,96.57142857,993.7142857,1551,73.57142857,1312.857143,80.57142857,1214,4.6,4.2,4,4
1851,472.7142857,3457.571429,534.4285714,975.2857143,2397.571429,225.1428571,625.1428571,1179.428571,92.28571429,957.8571429,1469.142857,38,1252.285714,108.1428571,1194.857143,4.2,4,4,3.9
1994.285714,444.2857143,2778.857143,518.7142857,573.2857143,2199.428571,203.1428571,554.8571429,1042.142857,102.5714286,888.8571429,1353,62.57142857,1218.857143,27,1198.714286,4,4,3.9,3.5
2062.285714,411.1428571,2678.857143,486.8571429,533.8571429,2062.857143,202.4285714,517,1050.571429,92.42857143,905,1400.714286,29.14285714,1234.571429,17.71428571,1217.428571,4,3.9,3.5,3.6
1715.571429,392.2857143,2660.857143,512,499.7142857,1953.857143,193.2857143,512.5714286,1063.142857,87.14285714,933.5714286,1436,45.71428571,1208.714286,8.714285714,1236.142857,3.9,3.5,3.6,3.4
1468,314.2857143,2591.714286,490,496.4285714,1783.142857,183.5714286,524.2857143,1065.142857,82.57142857,980.5714286,1519.714286,18.28571429,1245.285714,25.28571429,1170.571429,3.5,3.6,3.4,3.3
1518.428571,312,2534.571429,488,441.7142857,1717.428571,161.8571429,490,1045.142857,56.71428571,992.5714286,1592.428571,26.71428571,1239.571429,51.71428571,1187.857143,3.6,3.4,3.3,3.3
1459.571429,273,2750.714286,476.7142857,382.1428571,1655.571429,166.4285714,474,1051.428571,58.42857143,962,1645.428571,34.85714286,1235.428571,35.57142857,1188.714286,3.4,3.3,3.3,3
1592.142857,292.4285714,2455.142857,467.2857143,359,1627.142857,189.2857143,444.8571429,1067.285714,92.57142857,1001,1932.285714,26.14285714,1280.285714,43.28571429,1234.142857,3.3,3.3,3,3
1740.857143,329.7142857,2381.714286,456.1428571,342.5714286,1574.142857,194.7142857,479,1053.285714,93.28571429,993.1428571,2116.571429,35.71428571,1273.857143,51.42857143,1394.285714,3.3,3,3,2.8
1577.857143,346.8571429,2251.714286,449.5714286,322.8571429,1484.571429,159.4285714,424.5714286,1056,71.85714286,1001,2178.857143,17.71428571,1243.714286,54.71428571,1559.571429,3,3,2.8,2.9
1707.857143,356.2857143,2082.714286,427,363,1558.714286,183.7142857,554.2857143,1065,95.28571429,1001.142857,2190.142857,65.85714286,1207.285714,112.1428571,1326.142857,3,2.8,2.9,3.4
1753.428571,323.8571429,2196.857143,422.8571429,382.2857143,1644.142857,169.8571429,666.8571429,1067.142857,114.2857143,950.1428571,2277.571429,47.71428571,1230.857143,81.71428571,1284.714286,2.8,2.9,3.4,3.2
3140,363,2419.142857,453.4285714,471.8571429,1922.428571,207.7142857,692.8571429,1117.285714,88.28571429,979.8571429,2898.571429,82.85714286,1419.285714,112,1780.571429,2.9,3.4,3.2,3.2
2086.571429,395.5714286,2402.428571,467.7142857,614.7142857,2086.714286,219,785.7142857,1166.857143,76.57142857,982.2857143,3041.285714,119,1496.428571,109.4285714,1736.142857,3.4,3.2,3.2,3.5
1637.428571,298,2039.428571,426.8571429,394.5714286,1799,161.7142857,498.1428571,1012.428571,55.57142857,803.7142857,2211.142857,44.57142857,1211.285714,45.14285714,1267.142857,3.2,3.2,3.5,2.8
1808.714286,381.8571429,2054.571429,423.2857143,464.1428571,1730,170.4285714,592.7142857,1062,66.42857143,767.1428571,2241.714286,65.85714286,1313.142857,113.7142857,1686.285714,3.2,3.5,2.8,2.9
2168.428571,398.5714286,1992.714286,428.8571429,537.7142857,1857.428571,208.8571429,810.1428571,1035.142857,79.71428571,755.8571429,1970.571429,106.7142857,1285.571429,138.8571429,1832.285714,3.5,2.8,2.9,3
3234.142857,424.2857143,2031.142857,441.8571429,703.4285714,1973.428571,188.4285714,839.1428571,1054.714286,87.85714286,780.8571429,2007.142857,105,1302.571429,149.2857143,1662.714286,2.8,2.9,3,3.1
2743.857143,453.2857143,2172.285714,454.4285714,925,2092.428571,259.8571429,1014.714286,1088.428571,98.42857143,783,2181.285714,101.2857143,1444.428571,159.5714286,1499.428571,2.9,3,3.1,3.1
2530.571429,422.4285714,2201.142857,475.8571429,987.7142857,2220.857143,283.8571429,1055.428571,1090,101.2857143,782.2857143,2201.142857,118.7142857,2603.285714,162.7142857,1435.714286,3,3.1,3.1,3.2
3137.714286,463.5714286,2209.142857,488.8571429,1430.714286,2542.142857,317.2857143,1214.428571,1123.428571,150.7142857,776.8571429,2240.714286,113.4285714,1746.142857,169.7142857,1413,3.1,3.1,3.2,3.4
2889.142857,466.7142857,2270.142857,504,1828.714286,2957.857143,350.5714286,1776.571429,1139.571429,203.2857143,717.1428571,2330.142857,124.8571429,1485.285714,172.1428571,1481,3.1,3.2,3.4,3.5
3084,515.5714286,2465.714286,557.8571429,2336,3768.142857,344.8571429,2843.714286,1150.571429,292,746.4285714,2416.714286,140.7142857,1444.857143,200,1503.571429,3.2,3.4,3.5,4
4296.428571,616.7142857,2746.142857,631.7142857,4037,5956.142857,543.4285714,5758.857143,1250.428571,489.5714286,805.5714286,2601.285714,172.7142857,1591.285714,241.2857143,1662.714286,3.4,3.5,4,5.2
7567.285714,830.8571429,3361.714286,738.7142857,8161.571429,10927.57143,939.2857143,10198.42857,1616.714286,754.2857143,941.4285714,2989.714286,220.1428571,1818.285714,342,1729.714286,3.5,4,5.2,5.6
11259.71429,1067,3729.285714,829.4285714,14046.57143,15850.57143,1029.285714,11098.42857,1837,856.1428571,923.8571429,3227.857143,266.7142857,1927,475.5714286,1798.428571,4,5.2,5.6,6.2
11946.57143,1071.142857,4103,918.8571429,17373.28571,18395.14286,1033.142857,12131.71429,2090.428571,897.2857143,969.4285714,3466.714286,296.1428571,2085.571429,435.5714286,1871.857143,5.2,5.6,6.2,6.6
12594.28571,1067.714286,4214.857143,900.7142857,16994,19407.28571,970.2857143,11346.28571,2263.142857,773.1428571,971.8571429,3537.857143,273.7142857,2224.714286,338.7142857,1818,5.6,6.2,6.6,6.1
8627.571429,949,3754.571429,856.2857143,13066.42857,16809.71429,982.1428571,8947.714286,2057.714286,557.7142857,910.7142857,3354.714286,246.5714286,2162.142857,276.5714286,1712.714286,6.2,6.6,6.1,5.1
6175.428571,761.8571429,3351.285714,700.5714286,7873.142857,12260.57143,778.2857143,6048.714286,1844,393.7142857,829.7142857,3077.428571,193,2093.714286,195,1721,6.6,6.1,5.1,7.4
45609.14286,3418.142857,7737.142857,980,12009.85714,36370.42857,696,9047.714286,2481,302,1804.857143,3936.285714,193.8571429,2695,286.5714286,2023,6.1,5.1,7.4,8
28908.42857,2447,8825.571429,1013.857143,6921.428571,19390.85714,755.4285714,4263.142857,1861.285714,186,1157.857143,4426.285714,185.2857143,2466.714286,130.1428571,2187.571429,5.1,7.4,8,5.7
24084.71429,2196.285714,5992,843,2941,13121,437.5714286,2588,1193.142857,123.1428571,995.2857143,2990,141.1428571,1690.428571,134,1545,7.4,8,5.7,4.6
19295.14286,1792.285714,4289.714286,667,1694.428571,6616.428571,273.5714286,1438.142857,1041.285714,105.8571429,928.2857143,1924,125.4285714,1258.428571,89.28571429,1187.857143,8,5.7,4.6,3.6
12892.85714,1813,3076.142857,533.7142857,1156.142857,3763.857143,221.2857143,1272.571429,937.8571429,93.71428571,774.8571429,1484,114,1111.142857,104,1061,5.7,4.6,3.6,3.3
11200.85714,1576.571429,2758.428571,487.1428571,1107.285714,3106.714286,196.1428571,1168.714286,784.5714286,94.57142857,721.8571429,1223.285714,103,1078.714286,109,1024.571429,4.6,3.6,3.3,2.9
6062.857143,1252.285714,2117.714286,404.8571429,938.7142857,2380.428571,149.7142857,1181,653.5714286,89.85714286,614.1428571,1129.857143,80.85714286,1041,98.42857143,987.4285714,3.6,3.3,2.9,2.8
4135.428571,1129.285714,1854.714286,397,862.8571429,2518.428571,165.8571429,1118.428571,607.4285714,94.57142857,540.1428571,1073.857143,63.71428571,985.1428571,87.85714286,942.2857143,3.3,2.9,2.8,2.7
3001,931.8571429,1823.285714,377.2857143,784.5714286,2275.571429,133.7142857,867.2857143,571.7142857,55.28571429,533.1428571,1060.285714,69.14285714,1089.142857,97,919.1428571,2.9,2.8,2.7,2.4
2880.285714,854,1723.714286,361,624,1910.285714,122,781.7142857,506,27.57142857,468.2857143,1077.857143,61,1096,35.14285714,875.5714286,2.8,2.7,2.4,2.2
2715,712.7142857,1647.714286,331.7142857,565,1565.857143,91.71428571,660.7142857,471.5714286,8.714285714,424.7142857,1031.857143,42.71428571,1030.571429,44.14285714,883.2857143,2.7,2.4,2.2,2.3
2056.571429,649.4285714,1597.285714,341.2857143,587.8571429,1431.714286,96.28571429,530.5714286,440.4285714,8.714285714,381.8571429,1006,54.14285714,982.1428571,44.14285714,838.5714286,2.4,2.2,2.3,2.3
1698.857143,589.2857143,1598.714286,339.7142857,524.4285714,1389.571429,94.14285714,446.4285714,463.1428571,8.714285714,408.2857143,999.5714286,61.85714286,1134.428571,52.28571429,835.1428571,2.2,2.3,2.3,2.4
1665.571429,580.5714286,1562.571429,328.7142857,483.7142857,1309.142857,82.85714286,440.2857143,462.1428571,17.14285714,382.2857143,1017.285714,69.85714286,970.1428571,62.14285714,895.5714286,2.3,2.3,2.4,2.6
1561,461.4285714,1473.714286,311,470.2857143,1208.857143,81,391.1428571,451.7142857,8.428571429,347.1428571,932.8571429,52.42857143,816.1428571,35,772.1428571,2.3,2.4,2.6,2.7
1697.714286,454,1544,348.8571429,452.4285714,1207.714286,88.28571429,387.4285714,475,8.428571429,337.7142857,984.4285714,63.57142857,838.7142857,26.57142857,821,2.4,2.6,2.7,2.7
1511.857143,484.7142857,1675.285714,336.2857143,556.2857143,1279.714286,94.57142857,403,557.2857143,8.428571429,398,1046.142857,54.57142857,914.7142857,70,952.2857143,2.6,2.7,2.7,2.9
1430.857143,433,1639.714286,337.5714286,648.1428571,1292.857143,132,395.1428571,687,26.14285714,412,1089.714286,35.71428571,947.7142857,62,997.5714286,2.7,2.7,2.9,2.9
1443.714286,429.5714286,1671.142857,326.5714286,657,1352.428571,200.7142857,366.1428571,823.1428571,18.14285714,439,1199.428571,8.428571429,1035.142857,34.57142857,1058,2.7,2.9,2.9,
1356.428571,413.5714286,1754.428571,314.4285714,568.5714286,1384.285714,151.8571429,339.8571429,943.1428571,8.714285714,479.1428571,1344.714286,17.42857143,1078.428571,25.57142857,1084.142857,2.9,2.9,,3.3
1330.714286,380.1428571,1780.428571,329.1428571,521.7142857,1397.571429,126.1428571,360.2857143,981.5714286,25.57142857,598.2857143,1465.428571,52.57142857,1112.857143,71,1122.142857,2.9,,3.3,3.3
1525.428571,450.2857143,1968.571429,338.8571429,541.8571429,1478.571429,177.8571429,431.1428571,1008.285714,8.428571429,700,1623.571429,25.28571429,1159,42.42857143,1361.857143,,3.3,3.3,2.8
1396.571429,414.7142857,1775.428571,333.8571429,427.2857143,1477.571429,113.8571429,347.7142857,949.7142857,8.428571429,541.2857143,1482.428571,9,1110.714286,52,1876.142857,3.3,3.3,2.8,2.7
1627.857143,526,1703.285714,331.7142857,391.7142857,1875,92.85714286,369.7142857,934.1428571,25.85714286,713.2857143,1411.571429,26,1139.142857,26.14285714,1219.428571,3.3,2.8,2.7,3.2
1438.142857,434.7142857,1548.142857,326.5714286,368,1499.714286,95.71428571,329.8571429,910.8571429,34.28571429,508.5714286,1375.571429,8.428571429,1099,34,1111.428571,2.8,2.7,3.2,2.7
1585.857143,449.8571429,1469.571429,330,363.7142857,1406.857143,87.85714286,308.8571429,955,17.42857143,513.2857143,1460.571429,25.85714286,1106.857143,8.714285714,1108.142857,2.7,3.2,2.7,2.6
1356.285714,380.2857143,1405.714286,331.7142857,384.7142857,1546.857143,125.7142857,301.4285714,969.8571429,34.28571429,502.4285714,1556.142857,16.85714286,1103.428571,34,1160.285714,3.2,2.7,2.6,
1549.571429,413.2857143,1536.857143,330.7142857,336.4285714,1535,108.7142857,321.5714286,1005.857143,42.85714286,504.1428571,1546.571429,53.28571429,1100.571429,9,1129.142857,2.7,2.6,,2.7
1593.857143,425,1602.428571,341.2857143,318.8571429,1472,93.28571429,307.5714286,992.7142857,17.14285714,498.5714286,1565.285714,16.85714286,1096,25.28571429,1139.285714,2.6,,2.7,2.7
1398.714286,447.8571429,1640.571429,346,376.7142857,1359.857143,92.85714286,327.8571429,985.5714286,34.28571429,488.8571429,1577.714286,17.14285714,1108.714286,51.14285714,1118.857143,,2.7,2.7,2.6
1352.857143,455.1428571,1725.714286,341,355.4285714,1365.571429,91.14285714,324.4285714,987.1428571,43,494.5714286,1687.714286,43.14285714,1094.428571,52.85714286,1466,2.7,2.7,2.6,2.7
1611.142857,488.7142857,1744.714286,346.1428571,373.7142857,1450,117.7142857,311.8571429,1007.714286,42.71428571,495.5714286,1770.428571,26.14285714,1100.285714,87.28571429,1291,2.7,2.6,2.7,
1510.285714,459.5714286,1955.857143,357.8571429,434.5714286,1601.571429,148.7142857,345.7142857,1020,25.28571429,573.4285714,1919.285714,8.428571429,1136.714286,100.7142857,1252,2.6,2.7,,3.7
1779.285714,509.2857143,2152.142857,364.7142857,384,1962.285714,168,455.7142857,1092.142857,34,601.2857143,2125.714286,52,1173.428571,119,1421,2.7,,3.7,3.9
2226.142857,482.4285714,2036,392.8571429,543.7142857,2248.142857,184.5714286,449.1428571,1117,43.57142857,647.4285714,2700.571429,44.14285714,1292.285714,135.8571429,1732.428571,,3.7,3.9,3.4
2571.571429,547.4285714,2078,363.8571429,941.1428571,2382,211.5714286,495.1428571,1187,27.71428571,670.4285714,2904.285714,81.14285714,1516.142857,131.1428571,1889.428571,3.7,3.9,3.4,3.6
2019.285714,437,1810.857143,362.7142857,579.5714286,2094.142857,193.7142857,390.5714286,1087.571429,17.42857143,832.2857143,2605.142857,25.85714286,1434.428571,110,1572.857143,3.9,3.4,3.6,3.3
2032.285714,479.8571429,1984.571429,371.8571429,590.7142857,2055.285714,168.8571429,381.7142857,1102,34.28571429,946.8571429,2940.714286,89,1504.571429,117.1428571,1870.142857,3.4,3.6,3.3,3.1
2358,552.4285714,1721.142857,352.4285714,723.2857143,2280.571429,217.4285714,466.4285714,1112.142857,42.71428571,926.2857143,2579.857143,90.42857143,1400,146.2857143,1689.428571,3.6,3.3,3.1,3.3
2101.142857,510.4285714,1688.142857,351.1428571,760.2857143,2133.571429,208.7142857,443.5714286,1093.428571,52.57142857,935,2326.714286,100,1365.714286,151.8571429,1592.428571,3.3,3.1,3.3,3.6
2040.428571,536,1659.142857,354.5714286,603.7142857,2120.142857,198.2857143,497,1083.571429,61.42857143,762.4285714,2169.285714,98.71428571,1311.428571,149.7142857,1489.714286,3.1,3.3,3.6,3.6
1875.857143,485.1428571,1634.571429,355.7142857,595.7142857,2126.142857,176,479.8571429,1083.428571,73.28571429,718.7142857,2089.285714,99.71428571,1312.285714,151.5714286,1374.714286,3.3,3.6,3.6,3.8
1870.142857,511.7142857,2270.142857,384.1428571,547.1428571,2187.857143,192.8571429,464.1428571,1107.571429,44.71428571,754.4285714,2056.714286,73.57142857,1357.142857,142.2857143,1366.285714,3.6,3.6,3.8,
1877,565.7142857,2304,403,570,2148.285714,186.5714286,479.5714286,1087,27,773.5714286,1924.571429,80.71428571,1284.857143,145.7142857,1391.714286,3.6,3.8,,3.5
2252.857143,578.4285714,2050.571429,398,564,2097.857143,179.2857143,565.8571429,1039.857143,51.71428571,730.7142857,1985.285714,81.42857143,1257.428571,144.2857143,1399.714286,3.8,,3.5,3.4
2081.142857,543.1428571,2026.428571,379.1428571,461.2857143,2057.857143,183.1428571,452.8571429,1067.142857,72.28571429,671,2109.428571,79.57142857,1236.571429,131.8571429,1369.571429,,3.5,3.4,3.5
1901.428571,542,2374.714286,377.8571429,476.5714286,2307.285714,199.5714286,481.7142857,1117.428571,17.42857143,727,2324.428571,73.42857143,1341.571429,139.7142857,1470.142857,3.5,3.4,3.5,3.4
1827.571429,517.1428571,2188.285714,385.7142857,449,2256.571429,223.4285714,468.1428571,1115.428571,63.57142857,679.8571429,2529.428571,52,1386.714286,130.4285714,1602.285714,3.4,3.5,3.4,3.5
1834.571429,589.1428571,2305.857143,413.7142857,463.5714286,2487.285714,238.1428571,568.1428571,1176.428571,72.14285714,725.8571429,2842.571429,99.42857143,1498.857143,126.7142857,1640.285714,3.5,3.4,3.5,3.6
1497.142857,489.4285714,2156.428571,399.4285714,391.8571429,2210.571429,187.1428571,463.1428571,1105.142857,54,661.4285714,2673.571429,71,1444.571429,107.7142857,1574.857143,3.4,3.5,3.6,3.4
1647.285714,518.7142857,2452,398.7142857,402.2857143,2407.428571,206.5714286,475.5714286,1139.428571,44.42857143,726.1428571,3149.285714,71,1621.285714,102,1931.428571,3.5,3.6,3.4,3.5
1585.428571,511,2689.571429,416.4285714,391.5714286,2585.714286,211.7142857,455.4285714,1129.428571,62.57142857,783.2857143,3247.285714,90,1688.571429,108.5714286,2171,3.6,3.4,3.5,3.4
1436,458.1428571,2548.857143,419.8571429,347.1428571,2219.714286,176.5714286,423.4285714,1114.571429,26.42857143,731.4285714,2774.142857,44.71428571,1467,71.71428571,1658.714286,3.4,3.5,3.4,3
1242,394.7142857,1786.571429,379,280.5714286,1830.857143,136.1428571,355.4285714,1054,52.57142857,636.2857143,2220.428571,70.85714286,1290.714286,62.28571429,1283.714286,3.5,3.4,3,2.6
1164.714286,334.1428571,1143,358.8571429,245.5714286,1509,117.5714286,320.8571429,956.2857143,17.42857143,555.1428571,1729,17.14285714,1148.857143,8.428571429,1121.714286,3.4,3,2.6,3.2
995.2857143,256.1428571,680,306,166.5714286,1134.142857,95.14285714,232.8571429,695.4285714,25.57142857,382.8571429,1275.285714,34.57142857,996.2857143,42.71428571,951.8571429,3,2.6,3.2,2.7
1020.285714,296.4285714,1112.428571,350.2857143,184.4285714,1225.428571,100.5714286,255.4285714,790.2857143,26.14285714,467.4285714,1357.428571,35.57142857,1041.857143,57.57142857,1030.714286,2.6,3.2,2.7,2.2
1086,315,1053.714286,333.7142857,170.5714286,1140.428571,111.1428571,263.4285714,758,25.28571429,477.7142857,1321,25.28571429,1041.571429,95.42857143,1064.142857,3.2,2.7,2.2,2.4
977.8571429,313.4285714,957.1428571,328.2857143,198.8571429,1085.571429,100.4285714,266.5714286,690.1428571,26.42857143,441.5714286,1256.285714,9,1049,105.2857143,1072.428571,2.7,2.2,2.4,2.4
1000.571429,318,1083.857143,337.2857143,191.5714286,1174.428571,89.42857143,275.8571429,820.5714286,35.42857143,490.8571429,1424.285714,34.85714286,1072,105.7142857,1097,2.2,2.4,2.4,2.8
1108.714286,382.1428571,1215.142857,362.7142857,218.1428571,1316.142857,123.4285714,302,1013.714286,0,601.1428571,1927.428571,52.28571429,1141.857143,126,1263.857143,2.4,2.4,2.8,2.9
1130.142857,353.5714286,1446.857143,383.7142857,255.2857143,1407.142857,151.7142857,309.4285714,1078.428571,17.71428571,680.5714286,2383.571429,27.85714286,1247.428571,105,1489.857143,2.4,2.8,2.9,3
1120.142857,356.8571429,1572.571429,409.4285714,236,1563.428571,129.8571429,310,1083.571429,26.85714286,713.4285714,2407.571429,9.285714286,1213.428571,108,1537.714286,2.8,2.9,3,3
1122.857143,405.7142857,1911.428571,421.5714286,233.2857143,1505.714286,138.1428571,309.8571429,1095.428571,27,748.5714286,2679.571429,19.28571429,1310.428571,70.14285714,1586.142857,2.9,3,3,3.1
1148.714286,364.8571429,1643.142857,423,229.1428571,1584.142857,139.7142857,322.5714286,1135,44.71428571,803.2857143,2644.142857,45,1300,99.42857143,1541.714286,3,3,3.1,3.4
1153.142857,369.4285714,1899.428571,454.1428571,260.8571429,1738.285714,115.5714286,352.4285714,1132.714286,48.14285714,792,2504.571429,55.14285714,1331.142857,100.7142857,1593.428571,3,3.1,3.4,3.7
1136.428571,354.5714286,1929.285714,409.5714286,238.2857143,1572.285714,105.7142857,327.4285714,1049.571429,29.42857143,685.4285714,2120.571429,27,1212.142857,81,1347.714286,3.1,3.4,3.7,3.9
1056.857143,344.4285714,2243.142857,441.8571429,196.5714286,1458,112,310.4285714,1017.285714,9.428571429,642.5714286,1957.857143,9.428571429,1208.285714,78.71428571,1268.428571,3.4,3.7,3.9,3.7
1085.428571,356.8571429,2214,429.1428571,219,1637.714286,93.42857143,330.7142857,996.2857143,18.57142857,637.5714286,1636.714286,27.28571429,1174.857143,72.42857143,1200,3.7,3.9,3.7,4
1076.428571,382.7142857,2237.571429,472.5714286,199.8571429,1745.428571,110.4285714,341.2857143,1000.285714,36.57142857,675.5714286,1490.142857,36,1153.285714,54.85714286,1134.428571,3.9,3.7,4,4.2
1071.714286,400.1428571,2294,497,211,1656.714286,91.42857143,366,1023.428571,47.71428571,674.2857143,1524.285714,34.57142857,1165.285714,71,1172.857143,3.7,4,4.2,4.3
1140,399.1428571,2232.428571,510.2857143,201.8571429,1624.285714,89.28571429,401.5714286,1001.857143,19,679,1451.571429,35.42857143,1247.285714,65.57142857,1144.142857,4,4.2,4.3,4.4
1080.857143,354.4285714,2359.285714,497.1428571,194.2857143,1632.285714,83.71428571,350.1428571,983.1428571,29,632,1370.285714,9.285714286,1160.285714,8.714285714,1105,4.2,4.3,4.4,4.2
997,354,2363.714286,477.1428571,154.7142857,1450.428571,77.42857143,323.2857143,923.5714286,9.857142857,599.7142857,1292.714286,8.714285714,1129,17.85714286,1111.142857,4.3,4.4,4.2,4
1004.857143,374.5714286,2275.714286,468,247.7142857,1771.857143,101.7142857,311.2857143,961.7142857,47.71428571,741,1282.714286,8.428571429,1174.428571,17.85714286,1144.571429,4.4,4.2,4,3.8
882.1428571,313.4285714,2265,448,140.1428571,1615,77.42857143,289.1428571,894.7142857,27.71428571,617,1213,17.71428571,1135.428571,8.714285714,1056.142857,4.2,4,3.8,3.7
850.5714286,308.7142857,2125.285714,446.7142857,146.2857143,1594.285714,78.14285714,286.8571429,871.2857143,17.71428571,612.4285714,1255,0,1121.714286,8.428571429,1007.857143,4,3.8,3.7,3.6
963.2857143,288.8571429,2284.857143,442.2857143,142.4285714,1430.571429,90.28571429,272.7142857,880.4285714,34.57142857,615.1428571,1267.714286,0,1134.714286,0,1042.142857,3.8,3.7,3.6,3.5
919.5714286,284.2857143,2433.285714,465.7142857,196.4285714,1343.285714,82.71428571,273.7142857,936,17.71428571,650.2857143,1449.571429,0,1139,0,1065,3.7,3.6,3.5,3.3
1095.428571,403.4285714,2476.142857,470.7142857,198,1135.714286,102.2857143,311,958.4285714,0,647.7142857,1634,8.714285714,1147,8.714285714,1123,3.6,3.5,3.3,3.2
1180.428571,465.7142857,2732.142857,464,209.7142857,1174.571429,118.7142857,317.2857143,967.5714286,0,726.7142857,1753.571429,8.428571429,1148.428571,17.42857143,1166.714286,3.5,3.3,3.2,3
1202.571429,486.5714286,2273,444,172.7142857,1976.571429,113,300.4285714,858.2857143,0,645.5714286,1591,35.42857143,1134.142857,34,1108.714286,3.3,3.2,3,2.8
1102.714286,363,1857.142857,447.8571429,205.7142857,1583.142857,95.42857143,288.4285714,816.7142857,0,612.8571429,1468,8.428571429,1131.857143,17.42857143,1092.857143,3.2,3,2.8,2.6
1069,334.4285714,1644.142857,432.2857143,173.8571429,1363.857143,75.28571429,267.4285714,793.2857143,0,631,1548,35.71428571,1119.714286,28.28571429,1091,3,2.8,2.6,2.7
1083,326.7142857,1564.285714,385.2857143,191,1725.857143,79.71428571,284.4285714,820.1428571,0,604.2857143,1463.428571,18,1106.285714,53.85714286,1082.571429,2.8,2.6,2.7,3.1
1102.714286,354.8571429,1398.714286,379.1428571,224.7142857,1648.714286,103.2857143,319.7142857,941.1428571,0,668.8571429,1742.142857,18,1141,61.57142857,1126.857143,2.6,2.7,3.1,3.5
1213.571429,393.2857143,1432.428571,422.7142857,259.5714286,2145.857143,137.1428571,342.4285714,1024.285714,17.42857143,759.1428571,2162.571429,64.28571429,1212.714286,63.42857143,1332.285714,2.7,3.1,3.5,3.8
1302,381.7142857,2308.857143,460.2857143,302.7142857,2683.285714,154.7142857,347,1087.714286,8.714285714,794,2811.428571,47.42857143,1375.571429,72.71428571,1574.857143,3.1,3.5,3.8,3.5
1260,386.5714286,1968.428571,464.4285714,305,2197.571429,168.5714286,344.5714286,1068.428571,0,807.4285714,2885.285714,46.42857143,1384.857143,55.71428571,1549.571429,3.5,3.8,3.5,3.4
1200.428571,353.1428571,2101.714286,472.1428571,392.8571429,2274.714286,145,274.8571429,1051.714286,0,721.8571429,3148.285714,46.42857143,1415.857143,74,1754.571429,3.8,3.5,3.4,2.7
1284.285714,406.5714286,1504,409.1428571,475.2857143,2222,161.7142857,307.5714286,1056.428571,0,714.1428571,3141,75.85714286,1377.428571,121.1428571,1761,3.5,3.4,2.7,3
1541.714286,455.5714286,1824.428571,455.1428571,407.1428571,2540.857143,205.2857143,342,1085.714286,9,716.5714286,3365.571429,74.14285714,1511.571429,121.8571429,1890.857143,3.4,2.7,3,3.5
1820,514.7142857,2732.285714,517.4285714,476.4285714,2888.857143,238,403.7142857,1169.571429,18.85714286,852.4285714,3267.857143,77.28571429,1657.428571,146,1887.285714,2.7,3,3.5,3.5
1954.428571,515.2857143,2469.714286,529.5714286,1396,3146.714286,272.5714286,398,1148.285714,27.42857143,841.5714286,2975.285714,89,1688,128.4285714,1857.571429,3,3.5,3.5,3.4
1525.714286,464.8571429,2239,451.2857143,1014.428571,2808.285714,262.4285714,349.8571429,1089.428571,35.14285714,756,2900.857143,77.42857143,1653.857143,115.5714286,1748.571429,3.5,3.5,3.4,3.4
1565.428571,470.8571429,2438.857143,459.1428571,1126,2980.857143,263.4285714,384.2857143,1112.714286,18.71428571,766.4285714,2454.857143,77,1565.142857,110.8571429,1489.571429,3.5,3.4,3.4,3.4
1500.571429,486.5714286,2403.142857,481.1428571,1107,3132.285714,252.4285714,397.8571429,1105.714286,44.14285714,760.2857143,2360.285714,79.42857143,1532,129.1428571,1512.142857,3.4,3.4,3.4,3.8
1737.571429,564.8571429,2727.571429,501.7142857,1298,3721.142857,301.1428571,460.2857143,1151.571429,29.14285714,813.8571429,2448,86.14285714,1500.285714,115.2857143,1478.285714,3.4,3.4,3.8,3.9
2189,631.8571429,3105.571429,565.7142857,1763.428571,5105.571429,351.4285714,529.7142857,1292.285714,67.42857143,928.1428571,2655,96.14285714,1616,141.8571429,1555,3.4,3.8,3.9,
2478,711.5714286,3818,557.8571429,1039.285714,5982.571429,400.4285714,594.1428571,1342.857143,58.28571429,942.1428571,2835.428571,116.4285714,1619.857143,149.7142857,1583,3.8,3.9,,4
2445.428571,653.8571429,3308.428571,587.8571429,980.1428571,7299.142857,396.4285714,634,1383.142857,74,934.8571429,3002,97.85714286,1629.428571,120.8571429,1523.142857,3.9,,4,4
2382.571429,620.4285714,3757,623.1428571,970.8571429,8726.571429,378.5714286,663.7142857,1510.428571,72.14285714,921,3188.714286,101.2857143,1737.571429,119.2857143,1509,,4,4,4.3
2972.857143,762.5714286,4785.285714,731,984.8571429,11317.85714,460.4285714,797.4285714,1907.428571,74.57142857,973.8571429,3669.571429,120.5714286,1978.428571,118.2857143,1561.285714,4,4,4.3,3.9
2647.285714,716.5714286,4289,639.7142857,974.7142857,9767.285714,411.5714286,748.5714286,1738.857143,70.71428571,969.8571429,3546.142857,120.4285714,2006.142857,107.1428571,1503,4,4.3,3.9,3.5
1985.571429,567.1428571,3780.714286,596.8571429,744.2857143,7432.285714,330.7142857,601,1543.714286,82.57142857,907.7142857,3248.714286,92.57142857,1724.428571,76.28571429,1381.714286,4.3,3.9,3.5,2.9
1477.714286,462.2857143,3796.714286,522.2857143,502.7142857,5791,251.8571429,468.5714286,1263.714286,9,755.8571429,2938.714286,84.14285714,1570.142857,63.42857143,1224.428571,3.9,3.5,2.9,3.9
1134.714286,316.5714286,3157.285714,449,371.5714286,3845.285714,189.2857143,325,1056.428571,9,573.8571429,2487.428571,48,1201.285714,0,1059.285714,3.5,2.9,3.9,2.5
1251.857143,415.4285714,3766.857143,545,403,4303,210.1428571,363,1227.428571,27.14285714,780,3057,64,1410.285714,36.85714286,1270.571429,2.9,3.9,2.5,2.6
1240.142857,422.2857143,3434.714286,486.4285714,317,3695.714286,187.4285714,353.4285714,1150.428571,26.42857143,760.5714286,2655.142857,54.14285714,1334,65.28571429,1200,3.9,2.5,2.6,3.1
1285.571429,417,3485.428571,472,410.8571429,3877.285714,216,405.7142857,1144.857143,9,800.8571429,2540.428571,66.71428571,1310.857143,114.5714286,1213.285714,2.5,2.6,3.1,4
1606.857143,462.1428571,3781.285714,533.4285714,511,4662.857143,257.8571429,492.2857143,1218.428571,36.28571429,901.1428571,2524,70.57142857,1391.285714,124.8571429,1235.142857,2.6,3.1,4,4
1764.714286,564.5714286,4403.571429,540,521.8571429,5006,246,504.2857143,1227.571429,29.42857143,955.4285714,2701.714286,70.14285714,1402.857143,127.8571429,1322.428571,3.1,4,4,4.3
1956.285714,685.1428571,4162.428571,522.5714286,490.8571429,4542.714286,210,519.8571429,1108,17.71428571,940,2569,83.14285714,1327.142857,95.85714286,1383.428571,4,4,4.3,3.7
1587.428571,552.4285714,3860.285714,467.1428571,350.8571429,3341.857143,177.1428571,432.1428571,1033.857143,17.42857143,814.1428571,2339.857143,73.14285714,1251.571429,93.57142857,1297.428571,4,4.3,3.7,3.6
1611.714286,685.4285714,3438.142857,446.7142857,335.8571429,3008.428571,160,460.8571429,1026,9.285714286,816,2178.428571,75,1347.571429,47.14285714,1202,4.3,3.7,3.6,3.7
1925.857143,673.4285714,3849,463.8571429,344.7142857,2552.714286,148.7142857,423,1012,0,787.8571429,2083.285714,27.71428571,1446,45,1139.714286,3.7,3.6,3.7,
,,,,,,,,,,,,,,,,3.6,3.7,,
,,,,,,,,,,,,,,,,3.7,,,
